frame, error, target, setting, rate, interval, timestamp, file, p, i, d
1, 0,13,13,0,8,2.1659998893737793,/capt0000.cr2,0,0,0
2, 0,12.985842232576546,12.993961496624701,-2.383358420247398,8,10.900999784469604,/capt0001.cr2,-0.015573544165799015,-0.0042473302270360945,-0.297960248306818
3, 0.006038503375298987,12.968415729703302,12.98710911157931,-2.826049508925132,8,21.282999992370605,/capt0002.cr2,-0.028100343613538394,-0.007940706868970436,-0.3407655507075088
4, 0.012890888420690416,12.957848389789904,12.979812621864241,-2.5069061819285072,8,30.39199995994568,/capt0003.cr2,-0.03218679396834645,-0.010344638420138707,-0.29172272520198245
5, 0.020187378135759104,12.934998788382254,12.971568298002111,-2.922367654949186,8,41.28699994087219,/capt0004.cr2,-0.04929521683018568,-0.013653370753949403,-0.32670043307575636
6, 0.02843170199788858,12.908061130102134,12.963113800990707,-3.5129488967058617,8,51.16799998283386,/capt0005.cr2,-0.0698578846899757,-0.017728525751622294,-0.38080677578585026
7, 0.03688619900929346,12.903971258612922,12.952870880893617,-3.6513033319656514,8,60.10799980163574,/capt0006.cr2,-0.06505679661556343,-0.020265239990914962,-0.4015184076556084
8, 0.0471291191063834,12.871409513444604,12.944355133921798,-3.3766592244239044,8,69.83200001716614,/capt0007.cr2,-0.08960750419391382,-0.02384168755072653,-0.3367720381785469
9, 0.05564486607820207,12.86375794842337,12.935473099671842,-3.30221246512876,8,79.5809998512268,/capt0008.cr2,-0.08865690404827103,-0.026565756856096575,-0.3250723344461337
10, 0.06452690032815767,12.877878241733852,12.926483713056902,-3.663737327497574,8,89.0789999961853,/capt0009.cr2,-0.06335434373178989,-0.027364872646766365,-0.39777909395445366
11, 0.07351628694309831,12.858472585602001,12.915193243906865,-4.141602704313803,8,96.28600001335144,/capt0010.cr2,-0.07481224020039026,-0.028586854812782163,-0.44881459889533465
12, 0.08480675609313515,12.83676003906082,12.906003519348909,-3.7934879496209812,8,106.09999990463257,/capt0011.cr2,-0.08627652533064901,-0.030126277154019207,-0.3893955907981293
13, 0.09399648065109112,12.856892694304069,12.896277092961958,-3.472001486665642,8,116.81900000572205,/capt0012.cr2,-0.05402190754932424,-0.030075524682702665,-0.3788360993233921
14, 0.10372290703804232,12.85576477390568,12.890325474231403,-2.369327372552796,8,125.23399996757507,/capt0013.cr2,-0.04456355096190574,-0.02966351516492153,-0.24168325021354553
15, 0.10967452576859671,12.833807334104801,12.88475218066379,-1.8368449000647171,8,134.02499985694885,/capt0014.cr2,-0.062169954139262636,-0.02994667309232419,-0.15279602611037543
16, 0.11524781933620964,12.83037721469696,12.879111552584831,-2.160700264338567,8,144.992999792099,/capt0015.cr2,-0.059812462563514225,-0.030114067247810093,-0.19816683876715127
17, 0.1208884474151688,12.832828419526884,12.872571107869843,-2.318621464692589,8,154.1909999847412,/capt0016.cr2,-0.05091144636374239,-0.02997617387057236,-0.22826190839136384
18, 0.1274288921301565,12.792859885797206,12.86540854555731,-2.9764774702896406,8,164.32299995422363,/capt0017.cr2,-0.08768234427990099,-0.030967871613517356,-0.27821344681186705
19, 0.13459145444269005,12.816429748997493,12.860359951110315,-1.9528247565471673,8,174.67599987983704,/capt0018.cr2,-0.053876676215798905,-0.030884682472589617,-0.17561527551790046
20, 0.13964004888968518,12.805364374280279,12.857528599390223,-1.1648989934091307,8,184.2149999141693,/capt0019.cr2,-0.0604951345130397,-0.03099031565386122,-0.06383441562098317
21, 0.14247140060977692,12.772249782908082,12.854110878020904,-1.2571571400378256,8,193.260999917984,/capt0020.cr2,-0.09380669813035532,-0.03195112395078615,-0.041863129923901954
22, 0.14588912197909565,12.770140163847197,12.841568580903346,-4.523822224547662,8,203.4009997844696,/capt0021.cr2,-0.09236778559107837,-0.032788910521396986,-0.47801960049387954
23, 0.15843141909665448,12.752685455764123,12.837916581048484,-1.3411404139041276,8,212.7279999256134,/capt0022.cr2,-0.09777143765314485,-0.03368199593714205,-0.04736528826359679
24, 0.16208341895151612,12.734009758517171,12.832012333001856,-2.4451044481607282,8,222.23499989509583,/capt0023.cr2,-0.11429750478444395,-0.03487625000304395,-0.17684017163394258
25, -0.16534566633519,12.536589173603902,12.821904324259112,-3.687558925200652,8,231.08399987220764,/capt0024.cr2,-0.32496547533774933,-0.040571355828473085,-0.12613769219386456
26, -0.1552376575924459,12.513016576600197,12.814772121723731,-3.0738571923108924,8,240.71099996566772,/capt0025.cr2,-0.33977652242480616,-0.04613909785796831,-0.023932005358677868
27, -0.14810545505706507,12.512593132438761,12.805032820317733,-3.536919707615481,8,249.4079999923706,/capt0026.cr2,-0.332396888213467,-0.05114533103252437,-0.08804707510273942
28, -0.13836615365106653,12.499810868769986,12.797260778668514,-3.0124192438831408,8,259.28600001335144,/capt0027.cr2,-0.3357441467025215,-0.05585918245738593,-0.010052570024511404
29, -0.13059411200184812,12.482221944323964,12.786462366152314,-3.9223373078720707,8,268.6050000190735,/capt0028.cr2,-0.3465427177790053,-0.06045104860046677,-0.11598454133680398
30, -0.11979569948564794,12.435658647537148,12.776981744937851,-3.8670106925070895,8,278.1309998035431,/capt0029.cr2,-0.38588409047668315,-0.06545208801942119,-0.06426524717150751
31, -0.11031507827118503,12.444355862792202,12.76426886212268,-4.632693403645656,8,287.16100001335144,/capt0030.cr2,-0.3658884703602141,-0.06977865064096857,-0.1820253328182382
32, -0.09760219545601423,12.414167694971956,12.753140700471382,-4.597358497207996,8,296.9729998111725,/capt0031.cr2,-0.38511128386579635,-0.07416246469251438,-0.15370738440275544
33, -0.0864740338047163,12.398094554793644,12.739933418701812,-4.8935996676051925,8,304.3239998817444,/capt0032.cr2,-0.3905507602455119,-0.07837050174445766,-0.18355869369072286
34, -0.07326675203514554,12.376350493490325,12.727724461970045,-4.794092957499922,8,313.80399990081787,/capt0033.cr2,-0.3999412177326358,-0.08248165625570573,-0.1567895203449814
35, -0.061057795303378626,12.372744101095678,12.7070435022144,-7.033675495542477,8,323.1569998264313,/capt0034.cr2,-0.3904783969618029,-0.08621041512053185,-0.46113458732332885
36, -0.0403768355477343,12.378952469539987,12.68955785205938,-6.825148060074813,8,333.5789999961853,/capt0035.cr2,-0.36090013594185444,-0.08928386524509062,-0.4598357401563634
37, -0.022891185392714064,12.351258973653549,12.671002456787777,-6.976441042064874,8,342.771999835968,/capt0036.cr2,-0.37212876624641483,-0.09235671556396652,-0.46570665713160175
38, -0.004335790121110961,12.33852434195875,12.65367285987849,-7.439369052400406,8,352.4800000190735,/capt0037.cr2,-0.365725926311929,-0.09517593012537308,-0.5310140172160853
39, 0.012993806788175633,12.320294117134592,12.635532477051147,-6.655664306811836,8,362.7449998855591,/capt0038.cr2,-0.36671661701828795,-0.09786442539514144,-0.422840865161482
40, 0.031134189615519503,12.321328889590475,12.618834830146406,-6.49012403984748,8,370.84999990463257,/capt0039.cr2,-0.34562394620673836,-0.10013086857217297,-0.4195950572007527
41, 0.047831836520259685,12.306834835411022,12.600665682914183,-6.511590844798929,8,379.80399990081787,/capt0040.cr2,-0.3431999942089224,-0.10225450584702804,-0.42275761258390665
42, 0.06600098375248287,12.289598295926645,12.584350612829331,-6.497151803702,8,389.8489999771118,/capt0041.cr2,-0.3421741256862923,-0.10426369456953982,-0.4198490869044344
43, 0.08231605383733509,12.272063749742783,12.566577038210093,-6.590263531697803,8,398.8939998149872,/capt0042.cr2,-0.3435155493952031,-0.10619644859936282,-0.4289898062318078
44, 0.10008962845657265,12.275873721051717,12.551203725845475,-6.769071002033174,8,408.6050000190735,/capt0043.cr2,-0.3197736488742143,-0.10774702909244607,-0.47502212230442953
45, 0.11546294082119068,12.256195894333802,12.533972123803904,-6.463197265019533,8,418.9609999656677,/capt0044.cr2,-0.32450861466284114,-0.10928608842165849,-0.42796493225143806
46, 0.13269454286276172,12.232596706203783,12.517723099253672,-6.40916931969277,8,426.73099994659424,/capt0045.cr2,-0.331512959360134,-0.11084128759858054,-0.4122016623336549
47, 0.14894356741299397,12.219874905930352,12.49976311619283,-6.29499941768411,8,435.6050000190735,/capt0046.cr2,-0.32763301265565214,-0.11228527969209993,-0.39941496334346255
48, -0.1664297828594954,12.058569632409556,12.480711256934875,-7.477833986986388,8,447.9399998188019,/capt0047.cr2,-0.48531283216160054,-0.11546092157913876,-0.39627077785744586
49, -0.14737792360154067,12.06601528838734,12.461564767441805,-7.24940704407359,8,454.9519999027252,/capt0048.cr2,-0.4561655654022872,-0.11818248605973837,-0.3922395544144531
50, -0.12823143410847138,12.02512697218916,12.443215231778733,-7.682987716568882,8,465.9559998512268,/capt0049.cr2,-0.4800815747779103,-0.12105608988157536,-0.4232606975496987
51, -0.10988189844539953,12.002865521778508,12.423432221652913,-7.384016221145944,8,473.0699999332428,/capt0050.cr2,-0.48438468100024773,-0.12386302588390007,-0.37628778926864476
52, -0.09009888831957902,11.987386410502545,12.404423398668884,-7.56319216871152,8,482.74000000953674,/capt0051.cr2,-0.47965039226540507,-0.12899297660331616,-0.3997822536261481
53, -0.07109006533555018,11.971708102966044,12.383849114516767,-7.550965740403548,8,491.7589998245239,/capt0052.cr2,-0.47598682527312397,-0.13391718281836776,-0.39689142396231475
54, -0.05051578118343336,11.971451810155962,12.363817897520264,-7.5203234109309065,8,501.75299978256226,/capt0053.cr2,-0.45363703479688594,-0.13846837737647844,-0.41060437595075644
55, -0.030484564186929575,11.940551029986338,12.341768248929801,-7.515502265258844,8,511.18699979782104,/capt0054.cr2,-0.4655935542873181,-0.1431037437970022,-0.39336967061685885
56, -0.008434915596467363,11.925566614229792,12.324591338510244,-7.684463465938582,8,521.4749999046326,/capt0055.cr2,-0.45782179817000995,-0.14515407527821378,-0.4216192553435872
57, 0.008741994823090238,11.912741929060985,12.30376865899202,-7.662439565123632,8,531.6929998397827,/capt0056.cr2,-0.45303435039418455,-0.1515711560648528,-0.41705310222411357
58, 0.029564674341314046,11.890631904468437,12.283652126508153,-7.820682175153462,8,539.5699999332428,/capt0057.cr2,-0.4544504299759412,-0.15573579385480338,-0.4325713995230504
59, 0.049681206825180624,11.877247257158078,12.260691075905019,-8.384195371872066,8,550.5879998207092,/capt0058.cr2,-0.4470453562850823,-0.15955865858305116,-0.5112887013814754
60, 0.0726422574283152,11.886018596656736,12.239671550465738,-8.183226082124833,8,560.3349997997284,/capt0059.cr2,-0.41213972717311054,-0.16301836792128474,-0.5159387158555825
61, 0.09366178286759563,11.881468288223402,12.217241024532983,-8.15490742859199,8,567.923999786377,/capt0060.cr2,-0.39402358846656954,-0.1665549373836888,-0.5267424646286737
62, 0.11609230880035071,11.861982648826586,12.197646431071433,-8.406690080035581,8,577.816999912262,/capt0061.cr2,-0.39078421327703644,-0.16993431677488288,-0.5601734806194916
63, 0.1356869022619005,11.840134068239633,12.175434420407292,-8.356488493145722,8,586.4639999866486,/capt0062.cr2,-0.39326359911498004,-0.17321760098648,-0.5477172656513029
64, 0.15789891292604175,11.836891312891655,12.157146061800193,-7.27894869934303,8,595.7679998874664,/capt0063.cr2,-0.3723974182672006,-0.17662268666260703,-0.4215063883159298
65, -0.15714606180019253,11.687015918059325,12.135187263325957,-8.258637119436859,8,606.4979999065399,/capt0064.cr2,-0.5171431581149541,-0.18167701401183747,-0.40233144379812286
66, -0.13518726332595676,11.660905912451703,12.114259166042926,-8.348974979932656,8,615.8980000019073,/capt0065.cr2,-0.521709485961679,-0.18365570240631277,-0.407831475623029
67, -0.11425916604292574,11.651888397210149,12.091306208869355,-8.235886158163702,8,625.6029999256134,/capt0066.cr2,-0.5086078457160547,-0.18833861735292248,-0.40117169135284975
68, -0.09130620886935503,11.644307466874848,12.071624587761416,-8.348513725531003,8,635.0169999599457,/capt0067.cr2,-0.49169861619395816,-0.19286889169170338,-0.4285676555184722
69, -0.07162458776141634,11.622966063043554,12.048572443964153,-8.299601727187813,8,642.0189998149872,/capt0068.cr2,-0.4935243771896483,-0.19751168467239472,-0.41557750176299885
70, -0.04857244396415261,11.580318447790217,12.027206358852558,-8.35973333352283,8,651.9509999752045,/capt0069.cr2,-0.5150793957913287,-0.20199487052740964,-0.397556844817639
71, -0.027206358852557955,11.572568868523092,12.005289697867331,-8.279116426738256,8,661.1529998779297,/capt0070.cr2,-0.5001012393624125,-0.20667554776321334,-0.3971054031061416
72, -0.0052896978673313555,11.57411114245639,11.985690458000715,-7.968970354621698,8,670.7939999103546,/capt0071.cr2,-0.47429641095203545,-0.211016120592993,-0.37721684907119785
73, 0.014309541999285358,11.564154050829545,11.963578613100742,-7.949929255957466,8,681.5019998550415,/capt0072.cr2,-0.4636900478882863,-0.21489601587017415,-0.381404503702535
74, 0.036421386899258223,11.537371119762026,11.943569003630776,-8.01542161921405,8,691.470999956131,/capt0073.cr2,-0.468828242672587,-0.2188449017836165,-0.3810497381056697
75, 0.05643099636922422,11.547368332195548,11.92023333036301,-8.354059642398756,8,698.5569999217987,/capt0074.cr2,-0.43582073857875053,-0.2223908734716473,-0.455663006936103
76, 0.07976666963699053,11.556066367431074,11.89969151149634,-8.364500386835685,8,708.6639997959137,/capt0075.cr2,-0.40058365922512956,-0.22539387509165457,-0.4892891839279739
77, 0.1003084885036607,11.565518223396076,11.87837082728049,-8.120446802481563,8,717.441999912262,/capt0076.cr2,-0.3675906169102899,-0.22584099196129656,-0.48929463145928864
78, 0.12162917271951024,11.532989769286226,11.858849740312339,-8.307827531072475,8,726.8779997825623,/capt0077.cr2,-0.3799191637936897,-0.22626206861901213,-0.501529105063628
79, 0.14115025968766126,11.541061602580577,11.835868894911192,-7.864915243286452,8,737.2359998226166,/capt0078.cr2,-0.34956695150493844,-0.2264421741780135,-0.4726462400885749
80, 0.16413110508880813,11.5190892836486,11.815514384957497,-8.015339732367265,8,746.3239998817444,/capt0079.cr2,-0.3484575723888503,-0.22657553179010786,-0.4936788601366773
81, -0.1488477182908312,11.335240806106105,11.789347975048592,-9.392668827605814,8,756.9049999713898,/capt0080.cr2,-0.5283009367365313,-0.2284820865344175,-0.49557282040982636
82, -0.12268130838192626,11.315120696079722,11.765760277825553,-9.443473087516065,8,765,/capt0081.cr2,-0.5216500068657572,-0.22990620453849872,-0.507573533597886
83, -0.09909361115888693,11.297260578117585,11.740650635486283,-9.200479635763163,8,774.0369999408722,/capt0082.cr2,-0.5153496696787644,-0.23147397935652558,-0.47990696906646496
84, -0.07398396881961666,11.27976672241372,11.717618555139174,-9.328925433122652,8,783.9009997844696,/capt0083.cr2,-0.5069723043798187,-0.23275224180946985,-0.5041321782270651
85, -0.050951888472507534,11.26995907982084,11.694696642347905,-9.273868964774957,8,794.2929999828339,/capt0084.cr2,-0.49242542285016727,-0.2338208571514767,-0.5102695819683503
86, -0.028029975681238994,11.25041552266976,11.67060364966514,-8.914159677076542,8,804.316999912262,/capt0085.cr2,-0.4887092316459594,-0.2347519901645535,-0.4650934017996926
87, -0.003936982998473226,11.209405155429724,11.645394834361724,-8.89635673877975,8,813.5479998588562,/capt0086.cr2,-0.5073183436589563,-0.23597758401102717,-0.4428849708339831
88, 0.021271832304941896,11.229902885523524,11.625192612323064,-7.821055956466064,8,823.561999797821,/capt0087.cr2,-0.45704114372202037,-0.23698605612060927,-0.34878026101951215
89, 0.04147405434360252,11.201711593167126,11.603618494807797,-8.124144671020868,8,832.7099997997284,/capt0088.cr2,-0.4658291210715318,-0.23796892697541822,-0.37942124142249894
90, 0.06304817185886868,11.221668196139857,11.58516769745518,-7.61992319254578,8,841.8409998416901,/capt0089.cr2,-0.42014532853473396,-0.23853975986586723,-0.3573046706055027
91, 0.08149896921148603,11.197613169023361,11.56534337638686,-7.56733706350871,8,850.8999998569489,/capt0090.cr2,-0.42630998127500086,-0.23916486508534318,-0.3435034287741506
92, 0.10132329027980624,11.18221934444829,11.54307998972157,-8.361835367245318,8,860.5139999389648,/capt0091.cr2,-0.42143643513242657,-0.23996010098316517,-0.4535148461837839
93, 0.12358667694509684,11.174997770140008,11.521435810223123,-8.274296080960601,8,870.0099999904633,/capt0092.cr2,-0.4048904415397173,-0.24060720357754406,-0.4577418323441522
94, 0.1452308564435434,11.141025836693382,11.499505372824416,-8.470984402934228,8,879.4279999732971,/capt0093.cr2,-0.4184509708827147,-0.2414073103453387,-0.46960630582984364
95, -0.16617203949108195,10.982187192498634,11.4736110442143,-9.533604315444693,8,888.6529998779297,/capt0094.cr2,-0.5690499983583606,-0.24377305631348373,-0.4583241873874482
96, -0.14027771088096586,10.974598380673308,11.44976132579444,-9.399932812731898,8,898.1349999904633,/capt0095.cr2,-0.5489139298950907,-0.24617662569482163,-0.4582338194410074
97, -0.11642799246110691,10.92843335926991,11.423024263157217,-9.725515357583637,8,907.3699998855591,/capt0096.cr2,-0.5734607631769841,-0.25012061503094835,-0.4731540028032193
98, -0.08969092982388283,10.88557711592792,11.397269329434394,-9.652067603806334,8,917.4689998626709,/capt0097.cr2,-0.5911918619522272,-0.2515119164406912,-0.4442385687812596
99, -0.06393599610106016,10.885608088577303,11.368938703763346,-9.274370502479856,8,927.6979999542236,/capt0098.cr2,-0.5628273649428,-0.2537684586895342,-0.4199869100316467
100, -0.03560537043001233,10.85664666603807,11.34677219802952,-9.800960530799955,8,937.6089999675751,/capt0099.cr2,-0.5635212414978034,-0.254799357996181,-0.48847413794600963
101, -0.013438864696185604,10.823254432540141,11.31967577679361,-9.679213777463744,8,946.5099999904633,/capt0100.cr2,-0.5758695420383164,-0.25594111797676333,-0.45875117698008616
102, 0.01365755653972478,10.817907350526323,11.29494966815444,-9.514107642263046,8,956.5409998893738,/capt0101.cr2,-0.5519452688940153,-0.25666369110931697,-0.4599387256317406
103, 0.03838366517889469,10.799272301536744,11.269995217079193,-9.353047774168225,8,965.6309998035431,/capt0102.cr2,-0.5452451032794645,-0.2573652388206974,-0.4444626944556014
104, 0.06333811625414043,10.816050277098444,11.249541084718373,-8.425043077683625,8,975.2239999771118,/capt0103.cr2,-0.4993394339788241,-0.25761499934161397,-0.36638464370404517
105, 0.08379224861496049,10.77551868417407,11.223650008174275,-9.367625684296916,8,984.5929999351501,/capt0104.cr2,-0.5214246405987336,-0.25834000047318445,-0.46925211683433726
106, 0.10968332515905921,10.760720616872772,11.20095077970643,-9.25659520664294,8,994.0009999275208,/capt0105.cr2,-0.5092223304316525,-0.2587134165175637,-0.46627694726984253
107, 0.1323825536269041,10.772948465574357,11.176455639597705,-9.074141221589642,8,1002.8650000095367,/capt0106.cr2,-0.47080254554527984,-0.258945449922592,-0.4801375007440804
108, 0.15687769373562865,10.756885683854788,11.154235009269744,-9.085095875146171,8,1012.3629999160767,/capt0107.cr2,-0.4615269513172086,-0.259036279878988,-0.4907828854899595
109, -0.15423500926974398,10.623859422846348,11.126875461939905,-9.998413398377545,8,1021.194000005722,/capt0108.cr2,-0.583413145065736,-0.26041556025427987,-0.48929308113032344
110, -0.12687546193990507,10.572986379349857,11.102149359673513,-10.099156814047445,8,1030.909999847412,/capt0109.cr2,-0.6092779908490533,-0.2617985965869673,-0.4754776544369721
111, -0.10214935967351302,10.549271505256787,11.072514243935085,-10.281046223218663,8,1038.5409998893738,/capt0110.cr2,-0.608165639858399,-0.26424720247084954,-0.49839332076657317
112, -0.07251424393508543,10.523842495206818,11.04642716455394,-10.393258717587837,8,1048.8389999866486,/capt0111.cr2,-0.6035389236010943,-0.26549635337019784,-0.5167325520404197
113, -0.046427164553939804,10.500856523153569,11.01776604673431,-10.335572888977827,8,1057.62299990654,/capt0112.cr2,-0.6001277055404078,-0.2687269760259072,-0.5092217036307286
114, -0.017766046734310592,10.497644159135435,10.991504945077054,-10.310826258711161,8,1067.5699999332428,/capt0113.cr2,-0.5721340763587635,-0.27064002925846103,-0.532002728877597
115, 0.00849505492294611,10.466426596448814,10.965435374758798,-10.320041032078635,8,1076.8269999027252,/capt0114.cr2,-0.5775861834910638,-0.2728345615068446,-0.5255847259459093
116, 0.03456462524120241,10.449712492805396,10.941586119945706,-10.447471078989192,8,1087.276999950409,/capt0115.cr2,-0.5672951701487414,-0.2735383916542522,-0.5521625820622321
117, 0.058413880054294154,10.396568311693596,10.913012027516352,-10.495534409312775,8,1095.5609998703003,/capt0116.cr2,-0.5995195890773213,-0.27420314027849624,-0.5256818585525526
118, 0.08698797248364798,10.373401668730747,10.886775984790454,-10.403100981741883,8,1105.6969997882843,/capt0117.cr2,-0.593571394664166,-0.2751562763360514,-0.5183524598987
119, 0.11322401520954628,10.350950106369286,10.859719488677554,-10.527819499182806,8,1112.9499998092651,/capt0118.cr2,-0.5894084662632846,-0.276156866471196,-0.5381439338232269
120, 0.14028051132244634,10.347167765050983,10.83869995023562,-9.535072881925334,8,1122.1999998092651,/capt0119.cr2,-0.5638068959892275,-0.2767602158501335,-0.43077593908401685
121, 0.16130004976437995,10.322000882657527,10.808461059552673,-10.991519230473532,8,1131.718999862671,/capt0120.cr2,-0.5683689743359027,-0.2775452990369824,-0.619621624023586
122, -0.14179439288600726,10.189599191555093,10.780470359623319,-11.146738909919677,8,1141.5609998703003,/capt0121.cr2,-0.6807480547973385,-0.2792830821734091,-0.5262007176852094
123, -0.11380369295665282,10.194686329124357,10.752040375629193,-10.934609228510336,8,1149.0879998207092,/capt0122.cr2,-0.6443624335488581,-0.2807963114830571,-0.5327891521027963
124, -0.0853737089625266,10.15639415618244,10.722779517555708,-10.895644297119082,8,1158.4199998378754,/capt0123.cr2,-0.6552108413914279,-0.28269401529885496,-0.514847716258928
125, -0.05611285088904161,10.13708263289488,10.692371134571648,-10.895807578642112,8,1169.6749999523163,/capt0124.cr2,-0.6442665731269095,-0.28458817465450487,-0.5239195960375337
126, -0.0257044679049816,10.07836630678368,10.665902406943484,-11.1643139380651,8,1179.675999879837,/capt0125.cr2,-0.6754053105667643,-0.2867550669750732,-0.526414814200176
127, 0.0007642597231818371,10.048308586109346,10.634458344584436,-11.396217103853356,8,1188.8249998092651,/capt0126.cr2,-0.6793532029175516,-0.28930960331429134,-0.5508328076152711
128, 0.03220832208223001,10.052040551073066,10.6053857233391,-11.319644871642545,8,1196.8639998435974,/capt0127.cr2,-0.640659572862507,-0.29182788212866945,-0.5767985278944963
129, 0.061280943327565396,10.01505837535049,10.574703487063257,-11.373151832067585,8,1205.8559999465942,/capt0128.cr2,-0.6493600827874717,-0.29650026807504437,-0.5705598934131619
130, 0.09196317960340927,9.959547107096565,10.544983780734873,-11.849700164158278,8,1215.5609998703003,/capt0129.cr2,-0.676672017963361,-0.2978962980732169,-0.6053917058511925
131, 0.12168288593179355,9.98307504563285,10.5128862585544,-11.27877792578843,8,1224.773999929428,/capt0130.cr2,-0.618099608612225,-0.3007130741967199,-0.5850243739628457
132, 0.1537804081122669,9.937718198753693,10.4856965704399,-11.66244217945876,8,1234.8339998722076,/capt0131.cr2,-0.632684865780777,-0.30369447937215965,-0.6186129454415646
133, -0.1523632371065684,9.814154309753452,10.451325967454883,-12.68417947166183,8,1245.4179999828339,/capt0132.cr2,-0.7386964867550939,-0.3059014257010257,-0.6466260170987912
134, -0.11799263412155092,9.801451177007577,10.41886546164673,-12.636010046426115,8,1253.2699999809265,/capt0133.cr2,-0.714862269492037,-0.30792812775654604,-0.6620109422748989
135, -0.08553212831339785,9.80401278116573,10.385005680546545,-12.312647672794885,8,1262.2659997940063,/capt0134.cr2,-0.6763379485291005,-0.30961681599623486,-0.6557315918473162
136, -0.05167234721321279,9.761500424682135,10.354856149264755,-11.889397810761475,8,1272.1439998149872,/capt0135.cr2,-0.6858557814508514,-0.31149321610537156,-0.5879040438786406
137, -0.02152281593142291,9.720716546822892,10.321986083283218,-12.16909065544346,8,1281.3029999732971,/capt0136.cr2,-0.6975535626860492,-0.3136449098798738,-0.6113469481598716
138, 0.01134725005011461,9.657202443076505,10.293424256641877,-12.472413380498107,8,1291.0189998149872,/capt0137.cr2,-0.7312620042273837,-0.3161891697321266,-0.6155372767735708
139, 0.039909076691454715,9.655819232485472,10.260919036016254,-11.96633543841321,8,1301.401999950409,/capt0138.cr2,-0.7013655265720461,-0.3182246296927534,-0.5759212355236285
140, 0.07241429731707782,9.605029324114883,10.23004601793738,-12.259305656734105,8,1309.0659999847412,/capt0139.cr2,-0.7214786830915091,-0.32099845003579003,-0.5920969544372484
141, 0.10328731539595282,9.593016452438729,10.198690780420685,-12.262776215111176,8,1318.1139998435974,/capt0140.cr2,-0.7007325220485158,-0.3234624717243597,-0.6108418349086145
142, 0.1346425529126467,9.537007045249858,10.16855516106526,-12.347852228491815,8,1327.4110000133514,/capt0141.cr2,-0.7278521086879102,-0.32669016522246996,-0.5918380232218617
143, 0.1647781722680719,9.541518888313849,10.133645717742372,-12.635632009088951,8,1337.8980000019073,/capt0142.cr2,-0.6897399000265524,-0.32945341611846524,-0.6655576184001756
144, -0.13364571774237177,9.428072764263929,10.098932457206953,-13.65469164417705,8,1348.2009999752045,/capt0143.cr2,-0.7761302488262873,-0.3331739805977715,-0.7113213231328811
145, -0.09893245720695276,9.377951028086857,10.061193031817627,-13.519945407659634,8,1355.271999835968,/capt0144.cr2,-0.7930795720321057,-0.33724589455398535,-0.67233392110186
146, -0.06119303181762703,9.377381776759155,10.027923635778865,-13.301846483734177,8,1365.2119998931885,/capt0145.cr2,-0.7521923805643198,-0.3407466785716245,-0.6806404720286128
147, -0.027923635778865474,9.360428679490358,9.99204246646075,-13.262033834211017,8,1374.305999994278,/capt0146.cr2,-0.7342444519173583,-0.3424794875250406,-0.6915472384524035
148, 0.00795753353924944,9.275192063492309,9.9574615502309,-14.017711792305512,8,1383.9629998207092,/capt0147.cr2,-0.7885354432652859,-0.3449929999030496,-0.7354997958057327
149, 0.042538449769100595,9.25898777661321,9.921390286601959,-13.593274266114198,8,1394.4939999580383,/capt0148.cr2,-0.7683211509794579,-0.3470369899848938,-0.6970784278508749
150, 0.07860971339804124,9.221422237879551,9.887999305338116,-13.340087953593999,8,1402.651999950409,/capt0149.cr2,-0.7699648535946484,-0.34891223115596803,-0.6598013090619168
151, 0.11200069466188367,9.206730037106567,9.851557895642136,-13.202080598322322,8,1411.7439999580383,/capt0150.cr2,-0.7493961950547043,-0.35086924685644266,-0.6600119711984959
152, 0.14844210435786387,9.181596150711592,9.817698338859401,-13.2106214823721,8,1421.5169999599457,/capt0151.cr2,-0.7369579194235991,-0.35268851270881113,-0.671769765517203
153, -0.15103167219273317,9.080638929706424,9.779483494581877,-13.732625214522798,8,1432.4169998168945,/capt0152.cr2,-0.8107653500682744,-0.35515245475108337,-0.6650988904503488
154, -0.11281682791520886,9.049352881941326,9.74503152244141,-13.907501648988369,8,1440.566999912262,/capt0153.cr2,-0.8031436739046058,-0.3577874030553903,-0.6934024762384531
155, -0.07836485577474228,9.001038690479549,9.708049675122147,-14.48848083026951,8,1449.5569999217987,/capt0154.cr2,-0.8183921151580479,-0.3606525815016691,-0.7527527473762178
156, -0.0413830084554796,8.958962116308678,9.668969980544494,-14.42646641504847,8,1458.9459998607635,/capt0155.cr2,-0.8239963146948166,-0.3640580732574313,-0.7354744673875481
157, -0.0023033138778263407,8.921671864052959,9.628436900401582,-14.421732409022122,8,1468.8550000190735,/capt0156.cr2,-0.8220279281406889,-0.367211254595284,-0.73365847180031
158, 0.03822976626508634,8.898040473275849,9.592873141407962,-14.289010309936787,8,1478.5460000038147,/capt0157.cr2,-0.8034360698383062,-0.37029741270094824,-0.7314678921189836
159, 0.07379352525870608,8.866839600671545,9.554284218539106,-14.63857980272739,8,1487.630999803543,/capt0158.cr2,-0.7986368948100584,-0.37373623454638294,-0.7794375110072107
160, 0.11238244812756193,8.8647605262469,9.518690830357395,-14.436254783028414,8,1497.0599999427795,/capt0159.cr2,-0.7584760615214258,-0.3768510853527208,-0.7895068241963086
161, 0.14797583630927313,8.793948997887828,9.479201228003642,-14.841065713906591,8,1506.0460000038147,/capt0160.cr2,-0.7972160157165237,-0.3790937728070997,-0.8024989733305887
162, -0.14586789467031025,8.706788339791679,9.440508392731545,-14.613324273977646,8,1517.3519999980927,/capt0161.cr2,-0.84965417703316,-0.3816152013335064,-0.7171738581636864
163, -0.10717505939821237,8.654796164271808,9.397428512103156,-15.019133281250854,8,1525.1959998607635,/capt0162.cr2,-0.8642834513057104,-0.38430175180323356,-0.7539659010578368
164, -0.06409517876982385,8.617614143019779,9.358628410240854,-15.210755385417457,8,1535.3919999599457,/capt0163.cr2,-0.857795805991715,-0.3869687820381001,-0.783336130025846
165, -0.025295076907521974,8.59177243109592,9.316543913398016,-15.18230169698532,8,1546.6139998435974,/capt0164.cr2,-0.8435415770594271,-0.38952207439669123,-0.7912432414752577
166, 0.01678941993531602,8.553088063440622,9.28109759423966,-15.126451987918813,8,1554.5179998874664,/capt0165.cr2,-0.8398014349531332,-0.39232977396236646,-0.7847290561403419
167, 0.05223573909367296,8.514735086603661,9.239888694960385,-15.212473072742503,8,1565.0460000038147,/capt0166.cr2,-0.842998758399598,-0.3951138219509176,-0.7902171626818182
168, 0.09344463837294725,8.497661586436513,9.203968198698457,-15.354284794934843,8,1574.396999835968,/capt0167.cr2,-0.8164498193762596,-0.3977273322574999,-0.8330608210242195
169, 0.12936513463487564,8.436697027367348,9.161153400314914,-15.444215849774482,8,1581.2239999771118,/capt0168.cr2,-0.8439982884642193,-0.4002917941391807,-0.8149386973665309
170, -0.1611534003149142,8.362899362720562,9.122029274512027,-15.649650321154635,8,1592.9179999828339,/capt0169.cr2,-0.8780794413537879,-0.4032761442792817,-0.8052644571875487
171, -0.12202927451202683,8.320161583080983,9.079975203570028,-15.698325942679283,8,1600.1139998435974,/capt0170.cr2,-0.882054460574148,-0.40634585750631863,-0.8047098076101045
172, -0.07997520357002763,8.292703232159367,9.044952078038204,-15.24401546542961,8,1609.7199997901917,/capt0171.cr2,-0.865999168551727,-0.40951570651921193,-0.7570205203196756
173, -0.04495207803820378,8.253969026249134,9.001677784111488,-16.20085879120011,8,1619.8949999809265,/capt0172.cr2,-0.8700813569679767,-0.4126805217216464,-0.8773526268037245
174, -0.001677784111487668,8.229557943816207,8.961278753649257,-15.815192438454622,8,1627.6050000190735,/capt0173.cr2,-0.8493318243248086,-0.41444888294046606,-0.8449116178620081
175, 0.038721246350743144,8.15075656403977,8.914544644401394,-16.084397064273915,8,1636.8399999141693,/capt0174.cr2,-0.8915744085704348,-0.41704201554558745,-0.8359698511204997
176, 0.08545535559860618,8.113184979492019,8.871894962886142,-16.240623382156787,8,1647.3320000171661,/capt0175.cr2,-0.8814956314003128,-0.41941563222400235,-0.8645051873299231
177, 0.12810503711385834,8.067621648695011,8.828614674899535,-16.32362878489111,8,1656.7400000095367,/capt0176.cr2,-0.8847006456102433,-0.421937667949352,-0.8698455244258858
178, -0.16194800823286748,8.01959151243491,8.788663118350579,-16.20752801174711,8,1667.8519999980927,/capt0177.cr2,-0.8899254787110872,-0.42418787950331344,-0.8468903766852144
179, -0.12199645168391093,7.969031517822225,8.744959719452968,-16.426418462246698,8,1677.2679998874664,/capt0178.cr2,-0.9015947605811889,-0.42651908465363125,-0.8620752830647395
180, -0.07829305278630017,7.938152375422512,8.70366819765356,-16.380107821252953,8,1686.7809998989105,/capt0179.cr2,-0.8874880784335014,-0.4291081948519284,-0.8674181028816307
181, -0.03700153098689185,7.90361763567534,8.658899284989275,-16.543634324720415,8,1693.8209998607635,/capt0180.cr2,-0.8800556181760422,-0.43152807809027,-0.8942342136964094
182, 0.007767381677393104,7.870875155537035,8.614846188705974,-16.54058683978803,8,1703.5419998168945,/capt0181.cr2,-0.8668265423974642,-0.4335227059689494,-0.9050623302719908
183, 0.05182047796069433,7.789917282267523,8.569745929769446,-17.076244443783587,8,1713.1449999809265,/capt0182.cr2,-0.9074217970822955,-0.43655755409975433,-0.9328532413224283
184, 0.09692073689722136,7.731062861869201,8.530192232769348,-16.803553127254382,8,1724.077999830246,/capt0183.cr2,-0.9225513746902696,-0.43959811188551823,-0.8783242637247961
185, 0.1364744338973196,7.7125449893834475,8.486281010573014,-16.554654927930052,8,1733.2409999370575,/capt0184.cr2,-0.899411967724491,-0.44128393860897336,-0.8665914173905428
186, -0.15294767723968228,7.650712122718241,8.441659115028338,-17.105614307404533,8,1742.5479998588562,/capt0185.cr2,-0.9191257766402505,-0.44342656280982884,-0.9181962348705253
187, -0.10832578169500628,7.63446460516975,8.395685189292145,-16.886657754340945,8,1750.0579998493195,/capt0186.cr2,-0.8879139608444471,-0.4456458916103394,-0.9179945147906731
188, -0.06235185595881276,7.595545212764264,8.351046255406516,-16.751815072267505,8,1759.8529999256134,/capt0187.cr2,-0.8801539741806687,-0.4476839845410719,-0.9057373842472602
189, -0.017712922073183535,7.538640168466598,8.305671557716712,-17.058157026241734,8,1769.4829998016357,/capt0188.cr2,-0.8936466956339095,-0.44974090551604934,-0.9310333356822723
190, 0.027661775616619977,7.509065153616054,8.264515762467063,-17.12248502238926,8,1779.0209999084473,/capt0189.cr2,-0.8762670445107243,-0.45126193740713344,-0.9554690210673771
191, 0.06881757086626905,7.426159402871842,8.218988184415034,-17.4583810169692,8,1789.773999929428,/capt0190.cr2,-0.9221919955547434,-0.45357829896988894,-0.9520138410712609
192, 0.11434514891829828,7.390654350798384,8.174036296384765,-17.432596887748257,8,1799.1389999389648,/capt0191.cr2,-0.9111672169783153,-0.4555680388358344,-0.9576109958856179
193, 0.15929703694856734,7.341252792352771,8.126948489375643,-17.368453405003827,8,1806.3639998435974,/capt0192.cr2,-0.9160618544351934,-0.4590192184604099,-0.9407127144382404
194, -0.12694848937564274,7.318869797854902,8.083751015867005,-17.219677182049956,8,1817.8789999485016,/capt0193.cr2,-0.8888865606728144,-0.4595159106998721,-0.9475544862339746
195, -0.08375101586700495,7.266906627309653,8.035678285198014,-17.29926333550244,8,1825.4449999332428,/capt0194.cr2,-0.8985288274130875,-0.4617060043437867,-0.9463336129767845
196, -0.035678285198013526,7.243009552994967,7.995441695907302,-17.279222408035334,8,1835.146999835968,/capt0195.cr2,-0.8719356054233512,-0.462710955636763,-0.9692497600112638
197, 0.004558304092697973,7.20770951978511,7.9500531717414,-17.017151322354437,8.016865725142978,1843.8599998950958,/capt0196.cr2,-0.8665053937344108,-0.46348115656371014,-0.9389669593491377
198, 0.04994682825859975,7.150621768503498,7.907457618700141,-17.26069236250946,8.18480326455682,1854.8909997940063,/capt0197.cr2,-0.8793745435616922,-0.46481523519654977,-0.9572358695763526
199, 0.09254238129985914,7.116455068225766,7.862004393509001,-17.24434721130816,8.342406810809479,1862.048999786377,/capt0198.cr2,-0.8701028055218127,-0.4662403228217713,-0.9629031664975042
200, 0.13799560649099885,7.0566627109009845,7.817406127374186,-17.65491071974217,8.5105837440167,1871.6029999256134,/capt0199.cr2,-0.8858758508688184,-0.4672613760483817,-1.0008508690484228
201, -0.15073946070751898,7.000787326858321,7.765022310263841,-17.880130994333854,8.675597328715511,1882.3689999580383,/capt0200.cr2,-0.8982806805674518,-0.46862458789720696,-1.0171121974465216
202, -0.09835564359717441,6.974616612283233,7.721748639344798,-17.34415668097911,8.86941745202379,1892.6840000152588,/capt0201.cr2,-0.8694462677786691,-0.4696680992348015,-0.9734398571170776
203, -0.05508197267813131,6.910464095854615,7.67473454811693,-17.506281383980852,9.02953003442424,1901.9779999256134,/capt0202.cr2,-0.8924129978392016,-0.47116827548778584,-0.9705895778704594
204, -0.008067881450262604,6.87554267059098,7.631309973434483,-17.433753636311728,9.203482171967359,1911.5809998512268,/capt0203.cr2,-0.8791110652785442,-0.47265939240234817,-0.9727300271606713
205, 0.03535669323218382,6.835609402942006,7.584025463640348,-17.33267847051099,9.364153098292412,1921.0099999904633,/capt0204.cr2,-0.8752706275417251,-0.4733360211870347,-0.9624171473393727
206, 0.08264120302631905,6.785377653033956,7.53940025423378,-17.46773446380827,9.539105784530712,1930.4189999103546,/capt0205.cr2,-0.8785125916670309,-0.4741266042404867,-0.976392065933585
207, 0.1272664124328866,6.738983931197006,7.48692874230019,-17.44366450835015,9.704219059335017,1940.0999999046326,/capt0206.cr2,-0.880457955340452,-0.47527421529141517,-0.9700897638148194
208, -0.15359540896685608,6.6454238936188,7.439707335321082,-17.868095976958912,9.898363653489298,1950.5899999141693,/capt0207.cr2,-0.9256553335495287,-0.47584399786675013,-0.9809134655115763
209, -0.10637400198774838,6.619560772765392,7.390052742034623,-17.670673767423246,10.073082859311995,1960.457999944687,/capt0208.cr2,-0.9021612188112594,-0.47743841373400114,-0.9764902031111721
210, -0.056719408701289,6.583340530146245,7.342630735550009,-17.48993170214227,10.256804854471895,1970.675999879837,/capt0209.cr2,-0.8873834330772159,-0.4783875745710829,-0.966219885970671
211, -0.009297402216675188,6.509822486056666,7.290569190134195,-17.760026864107857,10.432266278464958,1981.0139999389648,/capt0210.cr2,-0.9160890744426777,-0.48007327524403753,-0.9718412321943325
212, 0.04276414319913879,6.4773897487964724,7.240229142102704,-17.589456751758398,10.624893996503474,1991.5649998188019,/capt0211.cr2,-0.894497385471495,-0.48111371770130984,-0.9696497970616481
213, 0.09310419123062985,6.438868256312936,7.180569599901547,-17.465589324564178,10.811152174219998,2002.3159999847412,/capt0212.cr2,-0.8814969743687454,-0.4814542823786958,-0.9657939865277823
214, 0.15276373343178662,6.36080397788603,7.13519974159188,-17.745707291916666,11.031892480364277,2013.2529997825623,/capt0213.cr2,-0.9017421842170694,-0.4818549105381755,-0.9824972108336436
215, -0.13519974159188042,6.314691565108658,7.075476993550829,-17.733577445379645,11.199760956110048,2024.5209999084473,/capt0214.cr2,-0.9025589941315443,-0.48233366121346793,-0.9795843373722737
216, -0.07547699355082926,6.246925232365594,7.02297405437213,-17.831186890878847,11.420735123861931,2035.7529997825623,/capt0215.cr2,-0.9114069373037584,-0.48355921362273213,-0.9825254345240222
217, -0.022974054372130404,6.196179289667624,6.962753512740165,-17.93315823269709,11.614995998823112,2047.2909998893738,/capt0216.cr2,-0.9094742411749571,-0.4842844007075543,-0.9973291224771001
218, 0.037246487259834815,6.158204083999444,6.905308180688562,-17.72852082175493,11.83781200286139,2059.2259998321533,/capt0217.cr2,-0.8850043716147931,-0.48503226855015646,-0.993766136069041
219, 0.09469181931143833,6.081973571387511,6.847534297776146,-17.819223653589475,12.050359731452325,2071.0899999141693,/capt0218.cr2,-0.9056680702311556,-0.4857050298057958,-0.9845233871083119
220, 0.15246570222385358,6.014352505870871,6.787071068097081,-17.99352127342606,12.26412309822826,2083.2699999809265,/capt0219.cr2,-0.916499971095803,-0.4862262760819943,-0.996409922612344
221, -0.12040440143041486,5.911219316219959,6.720496153076234,-18.334584920061822,12.487837048040802,2095.787999868393,/capt0220.cr2,-0.9634369270648346,-0.48731092645505303,-0.9938634691550219
222, -0.053829486409568084,5.863746602664046,6.661226212547833,-18.07010381963451,12.734164233617932,2108.268999814987,/capt0221.cr2,-0.9424245054534074,-0.4881162305198259,-0.9788064399780352
223, 0.0054404541188333155,5.812166891884691,6.588646837394592,-18.219493100318445,12.953463013573021,2121.1279997825623,/capt0222.cr2,-0.9339652527294561,-0.4891155347901352,-1.0061849591895349
224, 0.0780198292720744,5.7323406443777065,6.528261625214587,-18.15793216238022,13.222006701640012,2134.1929998397827,/capt0223.cr2,-0.9419368123185737,-0.48980236639147917,-0.9893184429406432
225, 0.13840504145207877,5.690742282294048,6.460050426938855,-18.209886080284534,13.445431986706033,2147.6050000190735,/capt0224.cr2,-0.9212712772125934,-0.4903201554585077,-1.0163933780335028
226, -0.12671709360552086,5.601507449004792,6.390722590230903,-18.350136912626148,13.697813420326238,2161.417999982834,/capt0225.cr2,-0.9443972757274689,-0.4908168964466659,-1.0114707495093516
227, -0.057389256897568686,5.561369691800889,6.31782570889906,-18.219159455334182,13.954326416145662,2175.0709998607635,/capt0226.cr2,-0.9122881882730155,-0.49110471203474537,-1.025828360403463
228, 0.01550762443427356,5.462861755884271,6.2524713478196015,-18.272421550640985,14.22404487707347,2189.1399998664856,/capt0227.cr2,-0.9404603483162685,-0.49221858744747016,-1.0036439376550592
229, 0.08086198551373247,5.40360266381336,6.176061570567229,-18.38123609144946,14.465856013067476,2203.4889998435974,/capt0228.cr2,-0.9337555524068656,-0.49229353440853685,-1.0247823920445254
230, 0.1572717627661051,5.353806095682398,6.101465960524767,-18.089875119761675,14.748572188901257,2218.093999862671,/capt0229.cr2,-0.9044810223733144,-0.4923549774951893,-1.0151473494330532
231, -0.10146596052476742,5.247713884289462,6.024658434316712,-18.55129784293848,15.024575946058366,2233.0319998264313,/capt0230.cr2,-0.9391272838588358,-0.4927856180544701,-1.0415934771451585
232, -0.024658434316711997,5.192511213545948,5.947966510094231,-18.382776962576116,15.308763793028163,2248.133999824524,/capt0231.cr2,-0.9153619428478408,-0.493222080475964,-1.0424529050196776
233, 0.05203348990576906,5.113859121089318,5.865826633155152,-18.482627475510146,15.592523912651345,2263.5679998397827,/capt0232.cr2,-0.9175181279054044,-0.4938797320865352,-1.0529524700760797
234, 0.13417336684484837,5.033550879508953,5.7897655230217175,-18.343940274694276,15.896441457325938,2279.2799999713898,/capt0233.cr2,-0.9155033290108189,-0.49371856704718114,-1.0366368072345702
235, -0.12309885635505147,4.954684646350214,5.707395273303497,-18.449132021750437,16.177867564819643,2295.409999847412,/capt0234.cr2,-0.9185889643386543,-0.493751386656317,-1.0475439185717537
236, -0.04072860663683109,4.889467504350519,5.6276135098785645,-18.32659190465525,16.482637488777062,2311.6009998321533,/capt0235.cr2,-0.8997205458482757,-0.49398441592415226,-1.0498406255149384
237, 0.03905315678810162,4.798775212580723,5.535419314941516,-18.50566499990952,16.77783001344931,2328.207000017166,/capt0236.cr2,-0.9117221270276259,-0.4950605871568451,-1.0606392858034648
238, 0.13124735172515045,4.708520746601401,5.45404974933976,-18.59403555708514,17.11894853471639,2345.1079998016357,/capt0237.cr2,-0.909588425174126,-0.49600775012950027,-1.0736085656410592
239, -0.12071641600642646,4.6057209947447175,5.357635085329389,-18.6779739782241,17.420015927442886,2362.4639999866486,/capt0238.cr2,-0.9331616300545472,-0.4966690896985314,-1.060565810676801
240, -0.02430175199605511,4.535380366684817,5.27209315114597,-18.35992148454701,17.77675018428126,2380.0469999313354,/capt0239.cr2,-0.9044801905090296,-0.497348227113989,-1.0461611136499156
241, 0.0612401821873636,4.461668209031155,5.180192919994524,-18.22212118006203,18.093255340759907,2397.8819999694824,/capt0240.cr2,-0.8914674363262974,-0.49781626332407547,-1.0403324576912307
242, 0.1531404133388099,4.420509231300069,5.0912768274087385,-17.989093700619755,18.433286196020262,2416.0629999637604,/capt0241.cr2,-0.8356520575639007,-0.49773341465411514,-1.0651603545312844
243, -0.09127682740873855,4.282287275002613,4.993577317029998,-18.219966709669894,18.762275738587665,2434.9219999313354,/capt0242.cr2,-0.8898885076467383,-0.49767554159888355,-1.0417648453770305
244, 0.006422682970002036,4.20006623111534,4.902047713976816,-18.142636878727846,19.12376392698901,2453.6269998550415,/capt0243.cr2,-0.872862194506124,-0.4976069218483318,-1.0485491341425903
245, 0.09795228602318407,4.125577680629275,4.804363958448893,-18.089584357022684,19.462423458285784,2472.8529999256134,/capt0244.cr2,-0.8541170366822947,-0.4968765075258534,-1.0609510367282098
246, -0.13769729178222612,3.999104672659101,4.70476066293747,-18.164734743724715,19.823853353739093,2492.5259997844696,/capt0245.cr2,-0.8857852143687716,-0.49694738752585393,-1.0392320306020026
247, -0.03809399627080268,3.9115149361686568,4.605408225928508,-17.644357615917496,20.192385547131362,2512.3639998435974,/capt0246.cr2,-0.8725702994456942,-0.4965952170411007,-0.9834154989688715
248, 0.06125844073815934,3.835272795569723,4.506879579773006,-17.750244015403414,20.559989564064523,2532.659999847412,/capt0247.cr2,-0.8471489733946634,-0.495481299612795,-1.02406892904633
249, 0.15978708689366083,3.7518665266665865,4.40432719853607,-17.593813021967684,20.924545554839877,2553.3499999046326,/capt0248.cr2,-0.8305143584170617,-0.4945399232345145,-1.0207874546107818
250, -0.07099386520273665,3.6307991022597914,4.303497303672733,-17.528859450840805,21.303989365416545,2574.4829998016357,/capt0249.cr2,-0.8508809059039062,-0.4933468493219345,-0.9929535048862665
251, 0.029836029660599728,3.502480499718265,4.196327843379084,-17.793204679109746,21.677059976410884,2595.805999994278,/capt0250.cr2,-0.8811184843499155,-0.49108464760886666,-1.0002241585891842
252, 0.137005489954249,3.411339666568383,4.0899442958681815,-17.79981274582868,22.073586979497392,2617.593999862671,/capt0251.cr2,-0.8634869944917711,-0.4889010135191263,-1.0209203580995934
253, -0.08994429586818153,3.3361675262298727,3.978918985987059,-17.248882943726983,22.46720610528773,2639.885999917984,/capt0252.cr2,-0.8291544466021398,-0.48710652980593566,-0.9835900827555224
254, 0.021081014012941157,3.2399234081461463,3.870086398319034,-17.110547454139674,22.87799975184788,2662.4059998989105,/capt0253.cr2,-0.8128951356250038,-0.4840608390908259,-0.9844503525027938
255, 0.1299136016809661,3.1206428636880945,3.762666176977369,-17.194877582480803,23.280680326219578,2685.4059998989105,/capt0254.cr2,-0.8243878880940334,-0.4806541997699324,-0.9876082564668082
256, -0.09599951031070209,3.0014047490353146,3.6520702146945205,-17.445686803008297,23.678135145183738,2708.888999938965,/capt0255.cr2,-0.8373875707362599,-0.4792466448404838,-1.0094573581576956
257, 0.01459645197214643,2.9207209993151437,3.5361558230358727,-16.954122210666405,24.087340205630277,2732.6059999465942,/capt0256.cr2,-0.8044841369173146,-0.47550730867506263,-0.9805581824964769
258, 0.13051084363079424,2.813749660243201,3.4267370254885274,-16.664875879783526,24.51622345476727,2756.814999818802,/capt0257.cr2,-0.7946467790719389,-0.4728264792459689,-0.9545101923198956
259, -0.0934036921551944,2.6953622048803894,3.3043227424346684,-16.775463227784268,24.921073005692445,2781.5099999904633,/capt0258.cr2,-0.8045123026689519,-0.4691280373051452,-0.9630880903971388
260, 0.029010590898664645,2.60715789961592,3.1959958654161675,-16.784744652948376,25.374005852991726,2806.468999862671,/capt0259.cr2,-0.7668813271006234,-0.4661089641517894,-1.0049756624740374
261, 0.1373374679171655,2.4784001406747898,3.073468808625455,-16.560818638879873,25.77481529796018,2832.0329999923706,/capt0260.cr2,-0.7893552972155157,-0.46190132413499985,-0.956852530500134
262, -0.07346880862545513,2.37659969568852,2.9565637704134073,-16.35607390165061,26.228165408085818,2858.130999803543,/capt0261.cr2,-0.766556024230629,-0.4579502030482666,-0.9563036262745191
263, 0.043436229586592656,2.277299629912979,2.8398126067380405,-16.03785970280157,26.660714049470393,2884.2699999809265,/capt0262.cr2,-0.7471905545504715,-0.4527638799070345,-0.93842685924937
264, 0.16018739326195952,2.1614234615930368,2.7198744625384474,-15.95924299089025,27.09269335506925,2911.0859999656677,/capt0263.cr2,-0.7462280596595041,-0.4505467559920494,-0.9311242498004797
265, -0.05320779587178048,2.031527320041147,2.5938956652277545,-16.177629675340476,27.536464488607745,2938.382999897003,/capt0264.cr2,-0.7571818567470305,-0.44588269211099985,-0.9539527411873663
266, 0.07277100143891246,1.8886266393665652,2.476350841349305,-16.07328468729509,28.00258603865731,2965.9589998722076,/capt0265.cr2,-0.7757959284473084,-0.44384837761138973,-0.9234603189139805
267, -0.1430175080159719,1.7527030802153762,2.344864218264829,-15.934553393392317,28.437501887007574,2994.178999900818,/capt0266.cr2,-0.7960125372473217,-0.439795078949219,-0.8887995029224349
268, -0.011530884931496121,1.6255690710553248,2.2186830712931354,-16.02017736195019,28.92400239242013,3022.62299990654,/capt0267.cr2,-0.7912246619304549,-0.4382698704547406,-0.9065291158748299
269, 0.11465026204019768,1.5023353586308015,2.0906341192520217,-16.037302649179296,29.3908726362154,3051.7539999485016,/capt0268.cr2,-0.7879824839285673,-0.437109910241418,-0.9132146257205878
270, -0.0906341192520217,1.3850436806294566,1.9552606205364358,-15.80850510497305,29.86465375876752,3081.3129999637604,/capt0269.cr2,-0.7761494824848216,-0.43267502778228695,-0.8989761703959648
271, 0.04473937946356421,1.2699234847936154,1.8231834833143103,-15.798175698563021,30.365535704015187,3111.1819999217987,/capt0270.cr2,-0.7538708493171025,-0.4295281528011959,-0.9230244243567711
272, -0.1565168166476434,1.1332962113596434,1.689540969320746,-15.79646880444008,30.85422111173705,3141.7829999923706,/capt0271.cr2,-0.7588759991501337,-0.42662799210599944,-0.9206918493358777
273, -0.02287430265407897,1.0015592857969993,1.5552139575066777,-15.832151732931038,31.34869841351324,3172.646999835968,/capt0272.cr2,-0.7567798518761214,-0.4245792637357596,-0.929594448778924
274, 0.11145270915998928,0.8656631005820454,1.4203586840680673,-15.663644072368761,31.84570835722529,3204.098999977112,/capt0273.cr2,-0.7585059426170956,-0.4221889113685122,-0.9077910223302269
275, -0.08702535073473427,0.72366898080006,1.2755298205996302,-15.703388605697658,32.34467286894815,3236.1429998874664,/capt0274.cr2,-0.766358673594808,-0.4203035882171056,-0.9071228856144405
276, 0.05780351273370288,0.592191816774873,1.1382310878878998,-15.696765148535334,32.88053966378137,3268.540999889374,/capt0275.cr2,-0.751671804207233,-0.41860817115416277,-0.9226220444433155
277, -0.13823108788789984,0.47768489859123786,0.9880997354927079,-15.472142122486288,33.38854497481477,3301.6279997825623,/capt0276.cr2,-0.7266008082263282,-0.4173157480886774,-0.9190357266831664
278, 0.011900264507292091,0.36822728024333784,0.850196818197192,-15.056730021347127,33.944030978676984,3335.069999933243,/capt0277.cr2,-0.6818597007743071,-0.4138666915183712,-0.9118376105536055
279, 0.14980318180280805,0.22908562183849923,0.7103374179078199,-14.820847787640977,34.45427177267039,3369.1299998760223,/capt0278.cr2,-0.6832223159945621,-0.41142003259781923,-0.8814706897597491
280, -0.04367075124115383,0.08056367088019112,0.5648023759334958,-14.676213650454264,34.971751553741065,3403.7779998779297,/capt0279.cr2,-0.6927511217303918,-0.40959695516841765,-0.8544804098284257
281, 0.10186429073317027,-0.052117964461040445,0.4207401245087376,-14.397426715038852,35.51023120904607,3438.819999933243,/capt0280.cr2,-0.6786123744339899,-0.406918450089564,-0.8341260708149596
282, -0.08740679117540368,-0.15953623792162824,0.28073077589483664,-14.120963047292076,36.04326153931767,3474.526999950409,/capt0281.cr2,-0.6383039986734025,-0.4001007297796116,-0.8443903445192629
283, 0.05260255743849729,-0.21103754474553404,0.14383347447846553,-13.257748502917062,36.5612961291891,3510.7199997901917,/capt0282.cr2,-0.5409451527044078,-0.3909996567168463,-0.8357549909676876
284, -0.14383347447846553,-0.40134340825217696,0.0014417733212399864,-13.528545674857142,37.06781614442968,3547.486999988556,/capt0283.cr2,-0.5996945710037067,-0.3841528235195786,-0.8199586954576669
285, -0.0014417733212399864,-0.45696022185837626,-0.13014196802119482,-12.486529478682167,37.59466543871141,3584.784999847412,/capt0284.cr2,-0.5042421946975779,-0.37426528578186063,-0.7863631166781837
286, 0.13014196802119482,-0.5725156113051001,-0.25070832869967247,-11.559882239393813,38.081525281678424,3622.457000017166,/capt0285.cr2,-0.48661100761229586,-0.3610192020056972,-0.693687422301182
287, -0.08262500463366146,-0.7049701030173958,-0.38692773260926616,-11.936273344234674,38.52762081618879,3660.7529997825623,/capt0286.cr2,-0.4996879517494957,-0.3510026344682962,-0.7408125263468315
288, 0.053594399275932236,-0.8488448732836776,-0.5118012355971702,-11.531219975797217,39.031632610654285,3699.3389999866486,/capt0287.cr2,-0.5081088547418526,-0.3412469037718581,-0.6881402382592513
289, -0.1548654310694959,-1.0140663310366693,-0.6399609339365493,-11.284974905140514,39.49366457170953,3738.574999809265,/capt0288.cr2,-0.5524916049834491,-0.32698454506261954,-0.6251871706393333
290, -0.026705732730116782,-1.1282732358831438,-0.7587574406477625,-10.977935266072013,39.967855455565235,3778.12299990654,/capt0289.cr2,-0.537143532141254,-0.3190352887233857,-0.6075458812782952
291, 0.09209077398109644,-1.255508156014506,-0.8848094461732374,-11.157513213142284,40.40740253039672,3818.177999973297,/capt0290.cr2,-0.5464257869034179,-0.3133527468826491,-0.627889894632904
292, -0.11519055382676258,-1.3847187504640313,-1.0267937780540624,-11.764761543281926,40.87379495084098,3858.773999929428,/capt0291.cr2,-0.5499002347198733,-0.3077588134025922,-0.7109758243151247
293, 0.026793778054062356,-1.4807541510539401,-1.1515627920042446,-10.816559510202193,41.39913697880003,3899.7249999046326,/capt0292.cr2,-0.4993564102998656,-0.2996443499859268,-0.6432071744078334
294, 0.1515627920042446,-1.6096182751234358,-1.2809909018221715,-11.177670513243058,41.8607823304157,3941.2269999980927,/capt0293.cr2,-0.5038610314311104,-0.29231212580398774,-0.6941829111973097
295, -0.05234243151116247,-1.6933357752586917,-1.422007192213286,-10.733875576868853,42.339666336742035,3983.3239998817444,/capt0294.cr2,-0.4535793607801723,-0.28368647913927597,-0.693917570329732
296, 0.08867385887995205,-1.8116529730086777,-1.538074728025212,-10.089660950014093,42.86142661118916,4025.6829998493195,/capt0295.cr2,-0.4286103588749309,-0.27590992404251347,-0.6407678437511013
297, -0.12859193864145402,-1.8741732650625598,-1.6618872470840822,-9.326938596997893,43.29087649369328,4068.728999853134,/capt0296.cr2,-0.3697083907410825,-0.26979475113539997,-0.6040886710565697
298, -0.004779419582583877,-1.9906968222380228,-1.7681385499588569,-8.876466405578501,43.74898281421111,4112.141999959946,/capt0297.cr2,-0.3616905326693347,-0.2641165477289017,-0.5577217736788969
299, 0.10147188329219081,-2.1107836237420785,-1.8769111323762455,-8.882214233602477,44.14211263484777,4155.928999900818,/capt0298.cr2,-0.3769095811615438,-0.2585357127021766,-0.5488499372832765
300, -0.12308886762375448,-2.215410746812695,-1.9947593349034913,-8.37948902030584,44.54457118979211,4200.286999940872,/capt0299.cr2,-0.3723495758800946,-0.2479108163108767,-0.49700481051647394
301, -0.005240665096508668,-2.356553134866819,-2.097517502354277,-8.245940948304348,44.98060953914292,4244.926999807358,/capt0300.cr2,-0.3979731799596604,-0.24100980711178938,-0.4604758060357965
302, 0.09751750235427714,-2.488224016505682,-2.2063544622665536,-8.77461885392236,45,4290.15299987793,/capt0301.cr2,-0.42977716556654527,-0.23522557795458912,-0.5049464370018469
303, -0.12697887106677985,-2.568369061400742,-2.3102167528052764,-8.159216295103272,45,4335.27799987793,/capt0302.cr2,-0.3982160590476072,-0.2277040485824106,-0.4619753983837518
304, -0.023116580528057096,-2.6459523888397096,-2.416108710431948,-8.561538145263814,45,4380.343999862671,/capt0303.cr2,-0.3693091996378766,-0.2212554265661136,-0.5509737931645183
305, 0.08277537709861438,-2.708175159727621,-2.5202995244516573,-8.138847599508605,45,4425.52599978447,/capt0304.cr2,-0.32127309422524064,-0.212201479266649,-0.551705106442591
306, -0.14636714221500924,-2.7590988614639373,-2.6091439148046205,-7.205059702882725,45,4470.681999921799,/capt0305.cr2,-0.2626792707135081,-0.2027353590980541,-0.4952599972394678
307, -0.05752275186204603,-2.7906856636246804,-2.691549249867376,-6.466403780236694,45,4515.731999874115,/capt0306.cr2,-0.19969592370206593,-0.1913842300812178,-0.47110701691494206
308, 0.02488258320070935,-2.875145515769698,-2.761714158678656,-5.695717320298742,45,4560.851999998093,/capt0307.cr2,-0.20195589249255425,-0.18306592438294367,-0.3744071591643343
309, 0.09504749201198948,-2.9868897939577272,-2.829597113823837,-5.344179463843878,45,4606.018999814987,/capt0308.cr2,-0.2476931988069784,-0.17741316402613264,-0.28745089901273935
310, 0.16293044715717064,-3.0608527726149926,-2.8910562564984223,-4.967064332536517,45,4651.138999938965,/capt0309.cr2,-0.25438122467027097,-0.17133737775383814,-0.2365566419140932
311, -0.10894374350157765,-3.105978890147876,-2.9528011253017774,-4.8400985888313,45,4696.343999862671,/capt0310.cr2,-0.23641489701439924,-0.16459681516545652,-0.24433476633098433
312, -0.04719887469822259,-3.157978406527992,-3.015644419479971,-5.089327132960618,45,4741.515999794006,/capt0311.cr2,-0.22569500934883618,-0.15605409596161401,-0.29682784575096555
313, 0.015644419479971194,-3.2142338023572483,-3.080754196929038,-5.141147543793658,45,4786.544999837875,/capt0312.cr2,-0.21844832116500484,-0.14557497971029795,-0.32146303829718503
314, 0.08075419692903818,-3.250068611608574,-3.141531459682861,-4.926665598922838,45,4831.667999982834,/capt0313.cr2,-0.18624585614748962,-0.135064060558226,-0.33557882981732945
315, 0.14153145968286118,-3.2118939063897796,-3.1897825366366197,-3.7372550406319056,45,4876.788999795914,/capt0314.cr2,-0.07739869137761023,-0.12058915932217974,-0.30031282138446413
316, -0.14355079669671333,-3.254643901655656,-3.2286052592701084,-3.16339153664607,45,4922.046000003815,/capt0315.cr2,-0.07134750152094003,-0.10819615472527228,-0.24224188197326368
317, -0.1047280740632246,-3.2364113080194516,-3.2557979983133305,-1.989146595594726,45,4967.119999885559,/capt0316.cr2,-0.00858665362427753,-0.09559652082002118,-0.1610363716349981
318, -0.07753533502000254,-3.2569941834095633,-3.2742849849901003,-1.5132250752909482,45,5015.24799990654,/capt0317.cr2,-0.0013158036058560363,-0.08575949007144877,-0.11468804969482163
319, -0.05904834834323269,-3.318794597284126,-3.2964114647453515,-1.7409858833061043,45,5060.171999931335,/capt0318.cr2,-0.048960573523428426,-0.07817294532917808,-0.10499793225487407
320, -0.03692186858798152,-3.379665293144867,-3.3141490669459093,-1.4249613478980754,45,5105.298999786377,/capt0319.cr2,-0.09157921123946725,-0.0704317558630205,-0.027983879283922326
321, -0.019184266387423765,-3.3778237945744327,-3.3281469844668568,-1.0728885664036147,45,5150.453999996185,/capt0320.cr2,-0.07004220039137579,-0.06129097779960422,-0.011718630662835287
322, -0.005186348866476287,-3.4217846696938348,-3.3526663585437473,-2.052355243711919,45,5195.569999933243,/capt0321.cr2,-0.10300145374967583,-0.05467543515837826,-0.11597047692020182
323, 0.019333025210414245,-3.4282491071702603,-3.377925307471038,-1.9909838881206423,45,5240.672999858856,/capt0322.cr2,-0.08314102348916436,-0.04760664247112181,-0.1347168524557995
324, 0.04459197413770477,-3.511322090082681,-3.409618419223428,-2.56054225428318,45,5285.832000017166,/capt0323.cr2,-0.14673646087280767,-0.04405068245663269,-0.15061849057498367
325, 0.07628508589009497,-3.514707515510595,-3.441750183999054,-2.500202161247001,45,5330.946999788284,/capt0324.cr2,-0.11559800591588383,-0.040547483271594395,-0.17721479897878856
326, 0.10841685066572104,-3.527705194275312,-3.4649816600119445,-1.913411737774948,45,5376.089999914169,/capt0325.cr2,-0.09455051130388364,-0.041397986739012904,-0.11917306699376318
327, 0.13164832667861148,-3.529441653704729,-3.48970931475902,-1.9181115511629512,45,5421.31299996376,/capt0326.cr2,-0.07090599306206276,-0.04137609375758098,-0.14346612000208306
328, 0.1563759814256871,-3.5269252519708076,-3.511093382391336,-1.7458361146691799,45,5466.425999879837,/capt0327.cr2,-0.04093753093296626,-0.042980269491896116,-0.14886034819769495
329, -0.15557328427533035,-3.3518730340536202,-3.511093382391336,0,45,5511.835999965668,/capt0328.cr2,0.17514238317148753,-0.034230276759135286,-0.11407398055962654
330, -0.15557328427533035,-3.3469450673507226,-3.511093382391336,0,45,5556.755999803543,/capt0329.cr2,0.18056314654467492,-0.022848935268154954,-0.1090761358457983
331, -0.15557328427533035,-3.356841333902058,-3.497598906700863,1.0720536794814854,45,5601.881999969482,/capt0330.cr2,0.1696772533382058,-0.009894069256038937,-0.016842693484635473
332, 0.16426557336752978,-3.4300101380112378,-3.4751181666422792,1.784225053702686,45,5647.0869998931885,/capt0331.cr2,0.07434764555858756,-0.002734242184139928,0.16628327045257718
333, 0.1417848333089462,-3.4219223806810195,-3.4512054164479222,1.873183643398928,45,5692.163999795914,/capt0332.cr2,0.058515364557385714,0.005274856244309403,0.18596759831816193
334, 0.11787208311458919,-3.4410392385253017,-3.432995395280182,1.4881183166609424,45,5737.256999969482,/capt0333.cr2,0.011182795714882588,0.009952070419716689,0.17728090942019303
335, 0.0996620619468489,-3.4561565079135486,-3.4247379676173435,0.657002598820197,45,5782.384999990463,/capt0334.cr2,-0.025477223896703285,0.01596492514580451,0.09711264526025837
336, 0.09140463428401047,-3.4224875776541785,-3.4247379676173435,0,45,5827.513999938965,/capt0335.cr2,0.0024754289594814518,0.02181980621400444,-0.07405371580119709
337, 0.09140463428401047,-3.4216919785527846,-3.432214831286289,-0.5831934221996617,45,5872.636999845505,/capt0336.cr2,0.0027413901581029966,0.01778293745203266,-0.06912377946010748
338, 0.09888149795295575,-3.4359793006575545,-3.424178771065151,0.6528222226355882,45,5917.8259999752045,/capt0337.cr2,-0.0033880224341391596,0.019990047427360613,0.03779982689307757
339, 0.09084543773181775,-3.4463372177480376,-3.413544411048583,0.8402365090016676,45,5962.911999940872,/capt0338.cr2,-0.01994260201459812,0.020537592537502453,0.06942471856056796
340, 0.08021107771525005,-3.4536358820907336,-3.421070352387499,-0.6030804411819127,45,6008.040999889374,/capt0339.cr2,-0.036082323937935444,0.013289890014598219,-0.027464269508488837
341, 0.08773701905416598,-3.415312995830943,-3.4267080356721094,-0.4411428657508206,45,6053.217000007629,/capt0340.cr2,0.005181620900900264,0.007530218796996122,-0.04947374517713144
342, 0.09337470233877632,-3.436607025972508,-3.4329430344529333,-0.509152673493626,45,6098.3479998111725,/capt0341.cr2,-0.008909091270358882,0.0015610901137351491,-0.035081388301178434
343, 0.09960970111960021,-3.4468988769639934,-3.4259617021290567,0.5565647931872172,45,6143.411999940872,/capt0342.cr2,-0.012560258259954172,-0.0014041684753806779,0.06034482616760295
344, 0.09262836879572367,-3.396535655707493,-3.4176570370992727,0.6685329630416376,45,6188.582999944687,/capt0343.cr2,0.02648344177940749,-0.0022685226404605273,0.03149616111452283
345, 0.08432370376593967,-3.4202025411198202,-3.428425098687798,-0.8280647182187426,45,6233.96599984169,/capt0344.cr2,-0.002290953618492786,-0.0027307656202120935,-0.06398367394619034
346, 0.09509176535446517,-3.4641064943899007,-3.4217626400141814,0.5465262549565004,45,6278.957999944687,/capt0345.cr2,-0.03211325613189225,-0.0031860486408933977,0.08084315935249402
347, 0.08842930668084836,-3.4704867878998984,-3.407081615068867,1.1630069932913447,45,6324.077999830246,/capt0346.cr2,-0.0535965626742887,-0.007559502298551839,0.21622366407835317
348, 0.07374828173553416,-3.4311052059579206,-3.431545064035345,-1.9582944116187613,45,6369.359999895096,/capt0347.cr2,-0.021621231800148032,-0.006024016560984096,-0.13554595260709798
349, 0.09821173070201183,-3.431943904943199,-3.4486171220933515,-1.3073688366054963,45,6414.391999959946,/capt0348.cr2,-0.00035895681706872297,-0.005901630071405493,-0.1026868161619838
350, 0.11528378876001844,-3.4358878428978623,-3.4486171220933515,0,45,6459.484999895096,/capt0349.cr2,0.01400220711503808,-0.006949478241015004,-0.026956020550545863
351, 0.11528378876001844,-3.4706526833315494,-3.4486171220933515,0,45,6504.661999940872,/capt0350.cr2,-0.02423911736201774,-0.005964610433526683,0.07058086259981315
352, 0.11528378876001844,-3.4643476894359275,-3.4486171220933515,0,45,6549.77999997139,/capt0351.cr2,-0.017303624076833658,-0.007136679009842968,0.045911971689784586
353, 0.11528378876001844,-3.457542739423418,-3.4486171220933515,0,45,6594.925999879837,/capt0352.cr2,-0.009818179063073362,-0.007083585938733947,0.030102460135057987
354, 0.11528378876001844,-3.4626568692141633,-3.4486171220933515,0,45,6640.005999803543,/capt0353.cr2,-0.015443721832892977,-0.007088162553811307,-0.00031451746687894896
355, 0.11528378876001844,-3.4852560829099266,-3.456924544852066,-0.6486092071259851,45,6685.186999797821,/capt0354.cr2,-0.04030285689823265,-0.010691708403164345,-0.035486662315401034
356, 0.12359121151873298,-3.472608884182619,-3.4621725578029645,-0.42260203604067137,45,6730.24599981308,/capt0355.cr2,-0.01725277326360808,-0.01140837214734645,-0.027685792727801663
357, 0.12883922446963147,-3.4765606950561456,-3.4674569970259497,-0.4133940590353125,45,6775.40099978447,/capt0356.cr2,-0.015826950978499222,-0.010246921686496194,-0.029045335206379582
358, 0.13412366369261663,-3.4758432369066403,-3.4674569970259497,0,45,6820.513999938965,/capt0357.cr2,-0.009224863868759715,-0.008046672158949301,-0.015413863600495065
359, 0.13412366369261663,-3.4659892305421107,-3.4674569970259497,0,45,6865.621999979019,/capt0358.cr2,0.0016145431322228455,-0.006656234484064266,-0.008691182057717838
360, 0.13412366369261663,-3.4567917091062452,-3.4674569970259497,0,45,6910.782999992371,/capt0359.cr2,0.011731816711674893,-0.006052736548015615,-0.01975743574745715
361, 0.13412366369261663,-3.4620913984749686,-3.4674569970259497,0,45,6955.881999969482,/capt0360.cr2,0.005902158406079172,-0.0064543918558978754,-0.013289081076589
362, 0.13412366369261663,-3.4622638638502456,-3.4674569970259497,0,45,7001.107999801636,/capt0361.cr2,0.005712446493274426,-0.004969190342412314,0.020576546074009792
363, 0.13412366369261663,-3.4528176269449498,-3.4674569970259497,0,45,7046.15099978447,/capt0362.cr2,0.016103307089099905,-0.0033126483011263522,0.016900358053849925
364, 0.13412366369261663,-3.443421681424583,-3.4674569970259497,0,45,7091.428999900818,/capt0363.cr2,0.026438847161503534,-0.0015147792321390681,0.01551709633761552
365, 0.13412366369261663,-3.441051210041302,-3.4674569970259497,0,45,7136.467000007629,/capt0364.cr2,0.029046365683112453,0.0006913408099769036,0.014551850955303598
366, 0.13412366369261663,-3.4378224248903435,-3.4674569970259497,0,45,7181.565999984741,/capt0365.cr2,0.03259802934916678,0.004306260789186792,0.014255248162606773
367, 0.13412366369261663,-3.4312676714500063,-3.4581281424063124,0.7292440585997406,45,7226.975999832153,/capt0366.cr2,0.03257039301834901,0.00475715561363348,0.023442789584662553
368, 0.12479480907297935,-3.443723141592911,-3.4581281424063124,0,45,7271.940999984741,/capt0367.cr2,0.012964500732061212,0.00580417881605466,0.011242269035186957
369, 0.12479480907297935,-3.43402310366005,-3.450801081589789,0.5778312545616574,45,7317.096999883652,/capt0368.cr2,0.021694534871636018,0.006985679857034764,0.019472389818134005
370, 0.1174677482564559,-3.3920106337300457,-3.44339621579311,0.596005027568239,45,7362.218999862671,/capt0369.cr2,0.05291140307376887,0.009070140997976739,-0.012314458441059025
371, 0.11006288245977691,-3.393149678926826,-3.4358438801372464,0.596786697421076,45,7407.401999950409,/capt0370.cr2,0.045221883179655496,0.010509459141488717,-0.0059991175360545376
372, 0.10251054680391336,-3.4108041631959987,-3.415406815089672,1.6490369860872072,45,7452.536999940872,/capt0371.cr2,0.022535745247122964,0.011224881628407506,0.10365912196507011
373, 0.0820734817563391,-3.4359787929816075,-3.4041123634679806,0.8886854597095273,45,7497.635999917984,/capt0372.cr2,-0.018514780102741792,0.010287968498675165,0.08228393324652723
374, 0.07077903013464759,-3.426407137692795,-3.411435731172126,-0.5878288458176986,45,7543.077999830246,/capt0373.cr2,-0.020065296802333068,0.008944908705736459,-0.03786534905487827
375, 0.07810239783879291,-3.443468036028155,-3.427497577852427,-1.2847193398747656,45,7588.134999990463,/capt0374.cr2,-0.028829074370426033,0.006906086143649339,-0.08513695676278711
376, 0.094164244519094,-3.4530038687145765,-3.4348054510105586,-0.5790197942000421,45,7633.309000015259,/capt0375.cr2,-0.022955661775934555,0.005018374221947623,-0.030314361962683244
377, 0.10147211767722553,-3.434018736262046,-3.4348054510105586,0,45,7678.462999820709,/capt0376.cr2,0.0007080432736612963,0.00396936122605331,-0.014906880706173568
378, 0.10147211767722553,-3.4159377361261947,-3.4348054510105586,0,45,7723.563999891281,/capt0377.cr2,0.016980943395927508,0.0033394844736322395,-0.05300370250102334
379, 0.10147211767722553,-3.435662501376401,-3.4348054510105586,0,45,7768.708999872208,/capt0378.cr2,-0.0007713453292582439,0.0027845007943870085,0.018102544424201013
380, 0.10147211767722553,-3.429755935403904,-3.4227853457085637,0.9683654631692424,45,7813.830999851227,/capt0379.cr2,0.004544564045988908,0.002091572680219449,0.07406098520456185
381, 0.0894520123752307,-3.438562742246773,-3.4227853457085637,0,45,7858.947999954224,/capt0380.cr2,-0.014199656884388378,-0.000619985297887915,-0.001857235494909518
382, 0.0894520123752307,-3.42459958817352,-3.4227853457085637,0,45,7904.106999874115,/capt0381.cr2,-0.0016328182184604857,-0.002513104546296642,-0.02703004893783024
383, 0.0894520123752307,-3.427218452754665,-3.4227853457085637,0,45,7949.190999984741,/capt0382.cr2,-0.003989796341491303,-0.0035848436003820664,-0.005596192936451001
384, 0.0894520123752307,-3.4179303354983896,-3.4227853457085637,0,45,7994.40399980545,/capt0383.cr2,0.005340511231191503,-0.003990338776821677,-0.037316978147749286
385, 0.0894520123752307,-3.3632783159853257,-3.4154411581123183,0.5779664519943936,45,8039.484999895096,/capt0384.cr2,0.06545773269556188,0.0004715778021630095,0.011132883101527588
386, 0.08210782477898526,-3.3519310941297893,-3.408051833366076,0.5943820598027334,45,8084.551999807358,/capt0385.cr2,0.06986107038078192,0.005682979738811623,0.003706891187437569
387, 0.07471850003274305,-3.3351067175927134,-3.3779317803094555,2.3910602439708657,45,8129.663999795914,/capt0386.cr2,0.06565060419602645,0.007368704309590012,0.126235711825289
388, 0.044598446976122474,-3.332908527309211,-3.350724859635479,2.1580899950714194,45,8174.907999992371,/capt0387.cr2,0.040520927700219915,0.008977305700562077,0.1303425995218363
389, 0.0173915263021458,-3.3485900642983286,-3.3406902168071024,0.7979835251193833,45,8219.946999788284,/capt0388.cr2,0.0019213158034351973,0.008368835898845217,0.05620847539100153
390, 0.007356883473769393,-3.3594807390741215,-3.3406902168071024,0,45,8265.048999786377,/capt0389.cr2,-0.016911470040317147,0.007716709647893342,0.037748690729167776
391, 0.007356883473769393,-3.3165805624498463,-3.3406902168071024,0,45,8310.189999818802,/capt0390.cr2,0.021698688921530485,0.008409805602460678,-0.026818501190702608
392, 0.007356883473769393,-3.330718156769269,-3.345855226817886,-0.4195973290342042,45,8355.319000005722,/capt0391.cr2,0.008974854034049918,0.009346149477953135,-0.05328744759818674
393, 0.012521893484553015,-3.3501198783502986,-3.3355998443960955,0.8092095545863314,45,8400.416999816895,/capt0392.cr2,-0.0038381863791712603,0.009257043693681992,0.06201527223435022
394, 0.002266511062762433,-3.3536318076636036,-3.328430323769092,0.5753388078110664,45,8445.65299987793,/capt0393.cr2,-0.0162287669407573,0.008762539831085386,0.05541112776059411
395, -0.0049030095642410565,-3.3679653274382924,-3.342963754721849,-1.1450408471740778,45,8490.679999828339,/capt0394.cr2,-0.03558150330228034,0.007148357508199043,-0.06698692480375852
396, 0.009630421388516108,-3.4044207009884353,-3.357496578953646,-1.174290558087443,45,8535.850999832153,/capt0395.cr2,-0.05531125163992754,0.0027496674722054335,-0.04529596233956482
397, 0.024163245620313134,-3.406754912439382,-3.3698504970076235,-0.9723241144363433,45,8580.96899986267,/capt0396.cr2,-0.04433250013716235,-0.0013510015266405646,-0.03534350787255902
398, 0.036517163674290476,-3.412620304338282,-3.391551369693798,-1.7521899625493995,45,8626.06299996376,/capt0397.cr2,-0.03849282659759275,-0.00555881691224134,-0.10196418670261587
399, 0.058218036360464964,-3.3841646426949716,-3.4068435163007367,-1.1952955638660625,45,8671.234999895096,/capt0398.cr2,0.008125399698709002,-0.010391126786621172,-0.15710701476089617
400, 0.07351018296740364,-3.4245478821210407,-3.4174074639999215,-0.8580049570676366,45,8716.393999814987,/capt0399.cr2,-0.01947480240233439,-0.011473262849755037,-0.08345259569026212
401, 0.08407413066658842,-3.433571476505504,-3.4262798248633626,-0.6987333546637303,45,8761.510999917984,/capt0400.cr2,-0.017780413756140902,-0.011329998680949416,-0.06405403485140707
402, 0.09294649153002954,-3.409704125717876,-3.4262798248633626,0,45,8806.677999973297,/capt0401.cr2,0.018233269060035043,-0.01174094169250049,-0.018383121755125017
403, 0.09294649153002954,-3.45777055507388,-3.4330950649331493,-0.5360936994981438,45,8851.769999980927,/capt0402.cr2,-0.03463980323156939,-0.014002548433319629,-0.02283680826819683
404, 0.09976173159981627,-3.4394236860916014,-3.4330950649331493,0,45,8897.036999940872,/capt0403.cr2,-0.0069614832742973315,-0.014115128594739968,-0.02986292656033082
405, 0.09976173159981627,-3.4691977299350443,-3.4330950649331493,0,45,8942.069999933243,/capt0404.cr2,-0.039712931502084464,-0.015100803234797434,0.002331951392113018
406, 0.09976173159981627,-3.497936129102069,-3.4481834095243555,-1.2415835911299191,45,8987.161000013351,/capt0405.cr2,-0.07132517058581188,-0.01648113380750941,-0.07773817442400124
407, 0.1148500761910225,-3.508332687710237,-3.457423137967024,-0.727044707079755,45,9032.313999891281,/capt0406.cr2,-0.0661642060044696,-0.016409806457652786,-0.01436528181517828
408, 0.1240898046336909,-3.515104604211162,-3.4682132017387968,-0.8702834067836646,45,9077.439999818802,/capt0407.cr2,-0.06344961286855187,-0.01686925006265654,-0.03571892463994687
409, 0.13487986840546373,-3.5000891743889975,-3.4819660519345166,-1.0835177639206643,45,9122.542999982834,/capt0408.cr2,-0.03506356991522078,-0.016275040898267926,-0.09313042437593322
410, 0.14863271860118354,-3.454515980326036,-3.4819660519345166,0,45,9167.704999923706,/capt0409.cr2,0.0301950787693285,-0.01518067664683225,-0.053625090886772
411, 0.14863271860118354,-3.5430391689809615,-3.4979049516187692,-1.2395774219768727,45,9212.784999847412,/capt0410.cr2,-0.06718042875108941,-0.017546244895530846,-0.0805503159502961
412, 0.1645716182854362,-3.5567744026248995,-3.5087483367314802,-0.8893487892319908,45,9257.916999816895,/capt0411.cr2,-0.06475639610674332,-0.01987563245010617,-0.033947810007415945
413, -0.15791832993518629,-3.438526033574458,-3.498530151348551,0.8032989185802285,45,9303.377999782562,/capt0412.cr2,0.07724453347272463,-0.016949454049476936,0.0468114430541161
414, 0.16519681801521813,-3.5826667083546186,-3.512107002809381,-1.098105263064202,45,9348.321999788284,/capt0413.cr2,-0.09255021270667424,-0.019821044601961473,-0.03404277776659122
415, -0.15455966385728548,-3.475581111914793,-3.512107002809381,0,45,9393.469999790192,/capt0414.cr2,0.040178479984046826,-0.01748352576270474,-0.04178590056427726
416, -0.15455966385728548,-3.4856036689606986,-3.5043755281486084,0.6110495889963028,45,9438.459999799728,/capt0415.cr2,0.029153667233550663,-0.01406865309812779,0.0663882643974175
417, -0.1622911385180581,-3.4982209541788896,-3.5174534902708996,-1.0628169136360077,45,9483.605999946594,/capt0416.cr2,0.006770031366690744,-0.010196163745111132,-0.13828278943971398
418, -0.14921317639576692,-3.5185795213082542,-3.512063704713033,0.43038901599981044,45,9528.771999835968,/capt0417.cr2,-0.0012386341410901116,-0.006976713900646033,0.06560055017504421
419, -0.15460296195363332,-3.5132547508497747,-3.5059231346093727,0.4864460076837142,45,9574.128999948502,/capt0418.cr2,-0.0013101507504156285,-0.003895418258424402,0.07006503670000193
420, -0.16074353205729386,-3.5255576172853678,-3.5146069586688586,-0.6928429470567908,45,9619.141999959946,/capt0419.cr2,-0.021597930943594613,-0.0032277006234677327,-0.06755342804050977
421, -0.15205970799780788,-3.5183488736791952,-3.5091706373205467,0.4287507526162892,45,9664.24599981308,/capt0420.cr2,-0.004116106511370266,-0.004929081711766845,0.06621195523864234
422, -0.15749602934611984,-3.526661417817063,-3.514853678864503,-0.4655792630963425,45,9709.490999937057,/capt0421.cr2,-0.019239858546167943,-0.0025518633544980122,-0.040285513178846384
423, -0.15181298780216368,-3.5428149260604007,-3.5219794357172725,-0.5582625986370437,45,9754.827999830246,/capt0422.cr2,-0.030757371915487667,-0.0008659613284853358,-0.04281167990763282
424, -0.14468723094939406,-3.558375383349594,-3.5283821071945525,-0.5120771642719372,45,9800.199999809265,/capt0423.cr2,-0.04003554239555385,-0.006681502280631375,-0.021559910560073073
425, -0.13828455947211404,-3.536975072474323,-3.5283821071945525,0,45,9845.048999786377,/capt0424.cr2,-0.009452261807747542,-0.0025609427319242674,-0.008962635673039818
426, -0.13828455947211404,-3.578615324818247,-3.5372098893939263,-0.7050787814821633,45,9890.168999910355,/capt0425.cr2,-0.055256539386064056,-0.007293257742012409,-0.031460707069545304
427, -0.1294567772727402,-3.566387675682167,-3.544568808753196,-0.5804327087631975,45,9935.449999809265,/capt0426.cr2,-0.032095564917064584,-0.010330409749480933,-0.03496505316854747
428, -0.12209785791347061,-3.576140285786452,-3.550773962703384,-0.5024529166350309,45,9980.539999961853,/capt0427.cr2,-0.03472862473658163,-0.0123881943496432,-0.019876903131779294
429, -0.11589270396328244,-3.561112416030026,-3.5583861817463998,-0.5955317401524682,45,10025.697999954224,/capt0428.cr2,-0.011372298659306158,-0.012890690110877054,-0.05514124325014589
430, -0.10828048492026676,-3.5953926065555954,-3.565872447658922,-0.6071996684708848,45,10070.800999879837,/capt0429.cr2,-0.040707067290115265,-0.014844256220283646,-0.02540863228571906
431, -0.10079421900774443,-3.5969945982056726,-3.5724558152727997,-0.5178883248466825,45,10115.93799996376,/capt0430.cr2,-0.034234365601425544,-0.015470856285961213,-0.019346554758837578
432, -0.09421085139386687,-3.59943182409666,-3.5792906532552053,-0.5456351421811914,45,10161.071999788284,/capt0431.cr2,-0.02967360970624622,-0.01673817049397159,-0.02633957209060769
433, -0.08737601341146117,-3.5482522242430177,-3.5792906532552053,0,45,10206.257999897003,/capt0432.cr2,0.03414227191340644,-0.014091122702587737,-0.01906325337072924
434, -0.08737601341146117,-3.595271346452522,-3.585258750864355,-0.4846420507294942,45,10251.303999900818,/capt0433.cr2,-0.017578762517048444,-0.013437637939028768,-0.03360253964118868
435, -0.08140791580231133,-3.587527025150935,-3.585258750864355,0,45,10296.539999961853,/capt0434.cr2,-0.002495101715237569,-0.011576128483806472,-0.025666121173092263
436, -0.08140791580231133,-3.6008948964371195,-3.585258750864355,0,45,10341.572999954224,/capt0435.cr2,-0.0171997601300407,-0.011960301954333405,0.013417578199754988
437, -0.08140791580231133,-3.5543295718116505,-3.585258750864355,0,45,10386.680999994278,/capt0436.cr2,0.03402209695797512,-0.00753326213562072,-0.0004284545042276787
438, -0.08140791580231133,-3.6033128650599537,-3.585258750864355,0,45,10431.84299993515,/capt0437.cr2,-0.019859525615158403,-0.006926516385112976,0.009290074622690339
439, -0.08140791580231133,-3.6151059254172098,-3.585258750864355,0,45,10477.088999986649,/capt0438.cr2,-0.03283189200814003,-0.006832463522545624,-0.002559144381417581
440, -0.08140791580231133,-3.617618070069097,-3.585258750864355,0,45,10522.113999843597,/capt0439.cr2,-0.03559525112521596,-0.008033601661351069,-0.008125593128724365
441, -0.08140791580231133,-3.622000519494868,-3.5908482397957897,-0.43566718239252933,45,10567.234999895096,/capt0440.cr2,-0.040415945493563976,-0.008019165869786541,-0.009653846288986724
442, -0.07581842687087681,-3.6215147497488527,-3.597461946771375,-0.5382467528452148,45,10612.561999797821,/capt0441.cr2,-0.03373316094836927,-0.007994312746494496,-0.030038760017831546
443, -0.06920471989529142,-3.620571511192006,-3.597461946771375,0,45,10657.561999797821,/capt0442.cr2,-0.025420520862694043,-0.007783415779045628,-0.01832949263408391
444, -0.06920471989529142,-3.633817599640578,-3.60903810074856,-0.9264629033361511,45,10702.684000015259,/capt0443.cr2,-0.039991218156123366,-0.011459456608939668,-0.07207771234642378
445, -0.05762856591810639,-3.6247097598047997,-3.60903810074856,0,45,10747.983999967575,/capt0444.cr2,-0.017238824961863533,-0.011442600201244548,-0.019108285123974625
446, -0.05762856591810639,-3.626871899483568,-3.60903810074856,0,45,10793.019999980927,/capt0445.cr2,-0.01961717860850869,-0.012291628807522456,-0.005763302217835597
447, -0.05762856591810639,-3.6344063496817345,-3.6145453156286185,-0.43418977636131917,45,10838.172999858856,/capt0446.cr2,-0.02790507382649179,-0.012822470808999368,-0.01716442554601807
448, -0.05212135103804805,-3.6094008308427252,-3.6145453156286185,0,45,10883.288999795914,/capt0447.cr2,0.005658933264482569,-0.014228908678098172,-0.0030463861842089345
449, -0.05212135103804805,-3.6885896482518654,-3.624301848640435,-0.7847428134085194,45,10928.452999830246,/capt0448.cr2,-0.08144876588557165,-0.01728292059233354,-0.005900688643230733
450, -0.04236481802623171,-3.700819767546824,-3.635510284616727,-0.8911300687864941,45,10973.565999984741,/capt0449.cr2,-0.08416971079702806,-0.019828597557071788,-0.01481903415076604
451, -0.031156382049939424,-3.7035446891247505,-3.642156345494483,-0.5304354001667523,45,11018.667999982834,/capt0450.cr2,-0.0748378449588258,-0.021774511300887152,0.025887636237479323
452, -0.024510321172183325,-3.716165589183215,-3.658298380101192,-1.3036167661384117,45,11063.947999954224,/capt0451.cr2,-0.0814101680576048,-0.023807282667699093,-0.06859811809315101
453, -0.008368286565474392,-3.7102860160337694,-3.6738398825724503,-1.21042357476861,45,11108.942999839783,/capt0452.cr2,-0.057186399525835,-0.024970253175672603,-0.07923315726764041
454, 0.007173215905783792,-3.7033048904649277,-3.686109914980333,-0.989563077834512,45,11154.078999996185,/capt0453.cr2,-0.032411508681725154,-0.025316913728682406,-0.07421332130086072
455, 0.019443248313666395,-3.7154345824068615,-3.702316774734237,-1.2867409548123137,45,11199.24699997902,/capt0454.cr2,-0.03225713416918148,-0.024933405431809257,-0.11437492104065108
456, 0.03565010806757041,-3.7086226055173954,-3.7074565614674255,-0.4102894194748986,45,11244.362999916077,/capt0455.cr2,-0.006936413861474345,-0.02442254207145938,-0.023346299997052757
457, 0.04078989480075901,-3.7241082703622492,-3.7074565614674255,0,45,11289.481999874115,/capt0456.cr2,-0.018316879784306073,-0.02435806444381297,-0.00287699449490086
458, 0.04078989480075901,-3.720855548033176,-3.7074565614674255,0,45,11334.644999980927,/capt0457.cr2,-0.014738885222325493,-0.023705195587408027,-0.012816781002197264
459, 0.04078989480075901,-3.725084761711435,-3.7074565614674255,0,45,11379.890999794006,/capt0458.cr2,-0.019391020268410532,-0.024947342043584547,0.008022968159709681
460, 0.04078989480075901,-3.7238771873581618,-3.7125574166378628,-0.4085768648445457,45,11424.96499991417,/capt0459.cr2,-0.018062688479809852,-0.021804230767265783,-0.014609996065530456
461, 0.04589074997119624,-3.7243444830194097,-3.7125574166378628,0,45,11470.061999797821,/capt0460.cr2,-0.01296577301970161,-0.018273456993183477,-0.01869234282189718
462, 0.04589074997119624,-3.73050236061702,-3.7125574166378628,0,45,11515.240999937057,/capt0461.cr2,-0.01973943837707273,-0.015541304600699853,-0.010357015269124057
463, 0.04589074997119624,-3.71847188093441,-3.7125574166378628,0,45,11560.380999803543,/capt0462.cr2,-0.006505910726201903,-0.011827043906580702,-0.01631767881156961
464, 0.04589074997119624,-3.7214502261234377,-3.7125574166378628,0,45,11605.565999984741,/capt0463.cr2,-0.009782090434132407,-0.009476417009471482,-0.00028839421942277187
465, 0.04589074997119624,-3.7244505005394606,-3.7125574166378628,0,45,11650.674999952316,/capt0464.cr2,-0.013082392291757606,-0.008517948428150778,-0.010264072219510333
466, 0.04589074997119624,-3.7207680511424837,-3.7125574166378628,0,45,11696.014999866486,/capt0465.cr2,-0.009031697955082985,-0.007366273905137629,0.0070539318098234135
467, 0.04589074997119624,-3.7210031422985876,-3.7125574166378628,0,45,11741.005999803543,/capt0466.cr2,-0.009290298226797368,-0.007482995443913977,0.002586456682258218
468, 0.04589074997119624,-3.7117283067058935,-3.7125574166378628,0,45,11786.138000011444,/capt0467.cr2,0.0009120209251662015,-0.006529496235179815,-0.00008867839752667501
469, 0.04589074997119624,-3.677046545719474,-3.7125574166378628,0,45,11831.269999980927,/capt0468.cr2,0.039061958010227785,-0.003861685826954033,0.010390725036369668
470, 0.04589074997119624,-3.6477348729755144,-3.7061446431893907,0.5195216692058083,45,11876.362999916077,/capt0469.cr2,0.07130479802858325,0.0006356274770291296,-0.0026708696115045885
471, 0.03947797652272422,-3.6685444616411216,-3.700844418476198,0.41564051163205507,45,11921.460999965668,/capt0470.cr2,0.04136019970309608,0.0035822169737021506,0.01047631820747578
472, 0.03417775180953164,-3.680670496324712,-3.693627490955334,0.5818017528464582,45,11966.580999851227,/capt0471.cr2,0.022191314366634664,0.005325543620958495,0.05005670905860126
473, 0.026960824288667418,-3.645547427299452,-3.683349193794552,0.8134782082138325,45,12011.738999843597,/capt0472.cr2,0.04327205729029382,0.005951271782519205,0.018566521611673024
474, 0.01668252712788565,-3.643857760147666,-3.683349193794552,0,45,12056.829999923706,/capt0473.cr2,0.03554229028219771,0.007602395344098606,-0.06523899790830943
475, 0.01668252712788565,-3.6498726636407843,-3.6704665721467213,1.0119008101804539,45,12101.948999881744,/capt0474.cr2,0.030128877138391054,0.00914309860371107,0.0450530917729357
476, 0.0037999054800548215,-3.7049747598737235,-3.662972061472526,0.6019955916619069,45,12147.069000005722,/capt0475.cr2,-0.031057368954301934,0.008320731191878185,0.07290293706758266
477, -0.0036946051941404434,-3.7070944252098053,-3.6691973285667627,-0.4931555659548337,45,12192.211999893188,/capt0476.cr2,-0.03971012736355126,0.007014850128872429,-0.008401019928223969
478, 0.0025306619000962094,-3.700621549931053,-3.690667740699159,-1.7347880973319676,45,12237.309000015259,/capt0477.cr2,-0.028281799227861316,0.0061792684669245935,-0.12246314401672725
479, 0.024001074032492298,-3.6633250094662015,-3.7032548369453333,-0.9971732425119632,45,12282.40499997139,/capt0478.cr2,0.024608458109661547,0.007143400150596885,-0.1148496284695887
480, 0.03658817027866679,-3.691956269562603,-3.7032548369453333,0,45,12327.556999921799,/capt0479.cr2,0.010168710644457147,0.006262952749300204,0.008877136976076738
481, 0.03658817027866679,-3.7414224719091624,-3.6947754948534994,0.6613148363396603,45,12372.671000003815,/capt0480.cr2,-0.03435087146744622,0.002517855344711929,0.08694258581770598
482, 0.028108828186832913,-3.7318920729832774,-3.6947754948534994,0,45,12417.788999795914,/capt0481.cr2,-0.03340492031680018,-0.00019911773448978533,0.01623488768320033
483, 0.028108828186832913,-3.7278784918825907,-3.7231758228140452,-2.232096510380184,45,12462.931999921799,/capt0482.cr2,-0.029792697326182126,-0.002136460250147142,-0.15407888495535274
484, 0.056509156147378725,-3.7350161326714395,-3.744072865088884,-1.689370375455769,45,12508.044999837875,/capt0483.cr2,-0.013024340843133687,-0.006473074385035783,-0.20575196816593305
485, 0.07740619842221763,-3.7320259329941092,-3.751413040879172,-0.5761017015138059,45,12553.208999872208,/capt0484.cr2,0.013251625304252413,-0.007970047196969133,-0.08209513830912406
486, 0.08474637421250542,-3.731223382109907,-3.751413040879172,0,45,12598.333999872208,/capt0485.cr2,0.02220862464619167,-0.008694785636123826,-0.04912220681269817
487, 0.08474637421250542,-3.7412253078078628,-3.751413040879172,0,45,12643.43799996376,/capt0486.cr2,0.011206506378440074,-0.006256826319852299,-0.044535323741818955
488, 0.08474637421250542,-3.7477768785293897,-3.751413040879172,0,45,12688.615000009537,/capt0487.cr2,0.003999778584760483,-0.0036518158060125845,0.010031856066992528
489, 0.08474637421250542,-3.7414672495571364,-3.751413040879172,0,45,12734.161000013351,/capt0488.cr2,0.010940370454239103,-0.0013952696594857173,0.000502789583750828
490, 0.08474637421250542,-3.7333444154639466,-3.751413040879172,0,45,12779.195999860764,/capt0489.cr2,0.019875487956747897,-0.0019011299768165492,-0.014043036018262636
491, 0.08474637421250542,-3.736130453483094,-3.751413040879172,0,45,12824.301999807358,/capt0490.cr2,0.01681084613568582,-0.0016838197942703026,-0.013634286646375275
492, 0.08474637421250542,-3.7389811418850476,-3.751413040879172,0,45,12869.488999843597,/capt0491.cr2,0.013675088893536769,0.001076154785254432,-0.010279591076770572
493, 0.08474637421250542,-3.7403531565278887,-3.751413040879172,0,45,12914.613999843597,/capt0492.cr2,0.01216587278641157,0.0037039618296759533,-0.0022568579670832305
494, 0.08474637421250542,-3.745657409051383,-3.751413040879172,0,45,12959.731999874115,/capt0493.cr2,0.006331195010567826,0.0058235234036875996,0.005177462608488845
495, 0.08474637421250542,-3.6892598808832573,-3.7431090042274904,0.6572971558684702,45,13004.87399983406,/capt0494.cr2,0.0683684759955061,0.00985953085023172,0.009411613936724857
496, 0.07644233756082386,-3.698595799233077,-3.7373545190600015,0.4655418459506816,45,13049.96499991417,/capt0495.cr2,0.04896452549385458,0.011630418462939265,0.0014773021699637007
497, 0.07068785239333497,-3.7408080833032566,-3.721526608711131,1.2566543293547805,45,13095.107999801636,/capt0496.cr2,-0.0031082078189296424,0.0068938587445345305,0.10093554318729349
498, 0.05485994204446465,-3.7027303879647504,-3.703786300267175,1.4022419672464888,45,13140.235999822617,/capt0497.cr2,0.01691659867174269,0.0072068946599916795,0.09273000393880636
499, 0.03711963360050863,-3.748227856750028,-3.7242679736604116,-1.6465838368836696,45,13185.526999950409,/capt0498.cr2,-0.039997400834567376,0.005458613975168593,-0.10267653288090701
500, 0.057601306993745105,-3.744574723079911,-3.7242679736604116,0,45,13230.595999956131,/capt0499.cr2,-0.018276074477549555,0.004358521584567318,-0.008557876468758635
501, 0.057601306993745105,-3.740669429696592,-3.7242679736604116,0,45,13275.694000005722,/capt0500.cr2,-0.014761310432562435,0.0031050640772434693,-0.016208968690896778
502, 0.057601306993745105,-3.747568089771508,-3.7398548795938864,-1.2405292896891509,45,13320.868999958038,/capt0501.cr2,-0.020970104499986552,0.0017020566769825895,-0.08410939298442527
503, 0.07318821292721989,-3.7453143040874393,-3.7398548795938864,0,45,13365.990000009537,/capt0502.cr2,-0.00491348204419757,0.0010514630956125098,0.015014554044002744
504, 0.07318821292721989,-3.7374578802654383,-3.7398548795938864,0,45,13411.100999832153,/capt0503.cr2,0.0021572993956032517,0.0007364490947821393,-0.006050415434830351
505, 0.07318821292721989,-3.723200918202891,-3.7398548795938864,0,45,13456.266999959946,/capt0504.cr2,0.014988565251895958,0.0011327519879896512,-0.00919622854983827
506, 0.07318821292721989,-3.708051210264991,-3.73254089003627,0.5857309280229948,45,13501.351999998093,/capt0505.cr2,0.0286233023960059,0.000029134145552589532,0.020158474127024404
507, 0.06587422336960369,-3.701062257115376,-3.721888160829929,0.8613099414447909,45,13546.445999860764,/capt0506.cr2,0.02833076962880483,-0.0004448502934844647,0.043889909118412215
